time,accX,accY,accZ,gyroX,gyroY,gyroZ,magX,magY,magZ
7050.793,-0.013,-0.017,1.019,0.323,-0.021,0.183,-6.66779820478563,-9.26042233305372,46.4738258047397
7094.484,-0.013,-0.017,1.019,0.323,-0.021,0.183,-7.62641534184006,-9.10808976228492,44.6164493209172
7131.618,-0.014,-0.016,1.018,0.328,-0.004,0.183,-7.62641534184006,-9.10808976228492,44.6164493209172
7193.761,-0.014,-0.016,1.018,0.328,-0.004,0.183,-7.14685856331636,-9.5560835105894,45.5451375628285
7210.394,-0.013,-0.016,1.019,0.315,-0.004,0.183,-7.14685856331636,-9.5560835105894,45.5451375628285
7290.983,-0.013,-0.016,1.019,0.323,-0.013,0.188,-6.34887974752517,-9.10959042295191,45.3903561891766
7369.747,-0.013,-0.016,1.019,0.315,-0.013,0.179,-6.34887974752517,-9.10959042295191,45.3903561891766
7390.889,-0.013,-0.016,1.019,0.315,-0.013,0.179,-8.26530230599447,-8.36623562924514,45.5451375628285
7448.524,-0.013,-0.016,1.019,0.341,-0.021,0.179,-8.26530230599447,-8.36623562924514,45.5451375628285
7490.166,-0.013,-0.016,1.019,0.341,-0.021,0.179,-6.82812584711097,-8.66369759958121,45.5451375628285
7529.348,-0.013,-0.016,1.018,0.328,-0.021,0.179,-6.82812584711097,-8.66369759958121,45.5451375628285
7589.435,-0.013,-0.016,1.018,0.328,-0.021,0.179,-8.58419972607939,-8.81332898114943,46.0094816837841
7608.112,-0.013,-0.016,1.018,0.328,-0.021,0.179,-8.58419972607939,-8.81332898114943,46.0094816837841
7686.663,-0.013,-0.016,1.018,0.328,-0.021,0.179,-6.18887330272549,-9.5560835105894,45.5451375628285
7688.938,-0.014,-0.016,1.018,0.328,-0.021,0.183,-6.18887330272549,-9.5560835105894,45.5451375628285
7767.485,-0.014,-0.016,1.019,0.319,-0.021,0.17,-6.18887330272549,-9.5560835105894,45.5451375628285
7786.578,-0.014,-0.016,1.019,0.319,-0.021,0.17,-6.82825899522722,-8.66279720318101,45.0807934418728
7848.311,-0.013,-0.016,1.019,0.332,-0.021,0.183,-6.82825899522722,-8.66279720318101,45.0807934418728
7885.85,-0.013,-0.016,1.019,0.332,-0.021,0.183,-6.66796290866517,-8.81512977394982,46.9381699256954
7927.084,-0.014,-0.016,1.018,0.319,-0.004,0.188,-6.66796290866517,-8.81512977394982,46.9381699256954
7985.127,-0.014,-0.016,1.018,0.319,-0.004,0.188,-8.10656782435534,-7.76771010297224,43.6877610790059
8007.902,-0.013,-0.016,1.018,0.336,-0.013,0.188,-8.10656782435534,-7.76771010297224,43.6877610790059
8084.397,-0.013,-0.016,1.018,0.336,-0.013,0.188,-7.78614266346514,-8.21930543687749,46.4738258047397
8086.671,-0.013,-0.016,1.018,0.328,-0.026,0.192,-7.78614266346514,-8.21930543687749,46.4738258047397
8167.273,-0.013,-0.016,1.019,0.336,-0.017,0.192,-7.78614266346514,-8.21930543687749,46.4738258047397
8182.266,-0.013,-0.016,1.019,0.336,-0.017,0.192,-6.1897691670672,-8.80972739554866,44.1521051999616
8246.045,-0.013,-0.016,1.018,0.328,-0.017,0.183,-6.1897691670672,-8.80972739554866,44.1521051999616
8281.537,-0.013,-0.016,1.018,0.328,-0.017,0.183,-7.30701919340781,-8.81242858474924,45.5451375628285
8326.871,-0.014,-0.016,1.018,0.319,-0.021,0.179,-7.30701919340781,-8.81242858474924,45.5451375628285
8380.816,-0.014,-0.016,1.018,0.319,-0.021,0.179,-6.82832441510816,-8.36623562924514,45.5451375628285
8405.638,-0.014,-0.016,1.018,0.319,-0.013,0.179,-6.82832441510816,-8.36623562924514,45.5451375628285
8480.087,-0.014,-0.016,1.018,0.319,-0.013,0.179,-8.58390187408361,-9.25952193665353,46.0094816837841
8484.414,-0.013,-0.016,1.018,0.328,-0.017,0.196,-8.58390187408361,-9.25952193665353,46.0094816837841
8565.013,-0.013,-0.016,1.018,0.341,-0.008,0.188,-8.58390187408361,-9.25952193665353,46.0094816837841
8577.955,-0.013,-0.016,1.018,0.341,-0.008,0.188,-6.34906548858024,-8.36803642204552,46.4738258047397
8643.789,-0.013,-0.016,1.018,0.323,-0.03,0.192,-6.34906548858024,-8.36803642204552,46.4738258047397
8677.232,-0.013,-0.016,1.018,0.323,-0.03,0.192,-7.62661160148291,-8.2184050404773,46.0094816837841
8724.605,-0.013,-0.016,1.019,0.332,-0.013,0.196,-7.62661160148291,-8.2184050404773,46.0094816837841
8776.502,-0.013,-0.016,1.019,0.332,-0.013,0.196,-7.6261257000777,-8.81392924541623,46.3190444310879
8803.378,-0.013,-0.016,1.018,0.341,-0.021,0.188,-7.6261257000777,-8.81392924541623,46.3190444310879
8875.78,-0.013,-0.016,1.018,0.341,-0.021,0.188,-7.14680366202317,-9.70451436362404,45.3903561891766
8884.207,-0.013,-0.016,1.018,0.328,-0.017,0.188,-7.14680366202317,-9.70451436362404,45.3903561891766
8962.752,-0.014,-0.016,1.018,0.31,-0.026,0.196,-7.14680366202317,-9.70451436362404,45.3903561891766
8973.646,-0.014,-0.016,1.018,0.31,-0.026,0.196,-8.58416586196174,-8.66549839238159,46.4738258047397
9043.58,-0.014,-0.016,1.019,0.315,-0.017,0.188,-8.58416586196174,-8.66549839238159,46.4738258047397
9072.924,-0.014,-0.016,1.019,0.315,-0.017,0.188,-6.66789748878422,-9.11169134788569,46.4738258047397
9122.345,-0.014,-0.016,1.018,0.336,-0.008,0.175,-6.66789748878422,-9.11169134788569,46.4738258047397
9172.192,-0.014,-0.016,1.018,0.336,-0.008,0.175,-6.18890716684314,-9.70391409935725,45.0807934418728
9201.118,-0.013,-0.016,1.018,0.319,-0.013,0.192,-6.18890716684314,-9.70391409935725,45.0807934418728
9271.469,-0.013,-0.016,1.018,0.319,-0.013,0.192,-6.82810250158109,-8.36773628991213,46.3190444310879
9281.945,-0.014,-0.016,1.018,0.315,-0.013,0.192,-6.82810250158109,-8.36773628991213,46.3190444310879
9360.491,-0.013,-0.016,1.018,0.328,-0.026,0.183,-6.82810250158109,-8.36773628991213,46.3190444310879
9369.333,-0.013,-0.016,1.018,0.328,-0.026,0.183,-7.62545174926306,-9.55878469978998,46.9381699256954
9441.312,-0.013,-0.016,1.019,0.315,-0.008,0.17,-7.62545174926306,-9.55878469978998,46.9381699256954
9468.604,-0.013,-0.016,1.019,0.315,-0.008,0.17,-7.30685218117392,-8.66549839238159,46.4738258047397
9520.081,-0.013,-0.017,1.019,0.315,-0.013,0.179,-7.30685218117392,-8.66549839238159,46.4738258047397
9567.883,-0.013,-0.017,1.019,0.315,-0.013,0.179,-7.62661160148291,-8.2184050404773,46.0094816837841
9600.912,-0.013,-0.016,1.019,0.319,-0.013,0.175,-7.62661160148291,-8.2184050404773,46.0094816837841
9667.161,-0.013,-0.016,1.019,0.319,-0.013,0.175,-7.7860095153489,-8.22020583327769,46.9381699256954
9679.687,-0.014,-0.016,1.019,0.319,-0.013,0.196,-7.7860095153489,-8.22020583327769,46.9381699256954
9760.287,-0.013,-0.016,1.019,0.319,-0.026,0.188,-7.7860095153489,-8.22020583327769,46.9381699256954
9765.03,-0.013,-0.016,1.019,0.319,-0.026,0.188,-8.10511833037313,-8.81392924541623,46.3190444310879
9839.05,-0.013,-0.016,1.018,0.336,-0.008,0.179,-8.10511833037313,-8.81392924541623,46.3190444310879
9864.302,-0.013,-0.016,1.018,0.336,-0.008,0.179,-7.62531860114682,-9.55968509619017,47.402514046651
9917.827,-0.013,-0.016,1.018,0.315,-0.004,0.183,-7.62531860114682,-9.55968509619017,47.402514046651
9920.201,-0.013,-0.016,1.018,0.315,-0.004,0.183,-7.62531860114682,-9.55968509619017,47.402514046651
9963.584,-0.013,-0.016,1.018,0.315,-0.004,0.183,-7.14732342754603,-9.25682074745296,44.6164493209172
9998.661,-0.013,-0.016,1.018,0.328,-0.013,0.175,-7.14732342754603,-9.25682074745296,44.6164493209172
10062.857,-0.013,-0.016,1.018,0.328,-0.013,0.175,-8.10550494777974,-8.36713602564533,46.0094816837841
10077.434,-0.013,-0.016,1.018,0.315,-0.026,0.196,-8.10550494777974,-8.36713602564533,46.0094816837841
10158.035,-0.013,-0.016,1.018,0.332,-0.017,0.192,-8.10550494777974,-8.36713602564533,46.0094816837841
10160.728,-0.013,-0.016,1.018,0.332,-0.017,0.192,-7.14748813142558,-8.81152818834905,45.0807934418728
10236.8,-0.014,-0.016,1.018,0.336,-0.026,0.188,-7.14748813142558,-8.81152818834905,45.0807934418728
10260,-0.014,-0.016,1.018,0.336,-0.026,0.188,-7.30652277341483,-9.5560835105894,45.5451375628285
10317.627,-0.013,-0.016,1.018,0.328,-0.013,0.179,-7.30652277341483,-9.5560835105894,45.5451375628285
10359.277,-0.013,-0.016,1.018,0.328,-0.013,0.179,-7.7851942061846,-9.70631515642443,46.3190444310879
10396.4,-0.013,-0.016,1.019,0.328,-0.021,0.175,-7.7851942061846,-9.70631515642443,46.3190444310879
10458.542,-0.013,-0.016,1.019,0.328,-0.021,0.175,-7.78541381135732,-9.11259174428588,46.9381699256954
10477.218,-0.013,-0.016,1.018,0.319,-0.013,0.183,-7.78541381135732,-9.11259174428588,46.9381699256954
10555.762,-0.013,-0.016,1.018,0.319,-0.004,0.192,-7.307253933877,-9.25501995465257,43.6877610790059
10634.533,-0.014,-0.016,1.018,0.328,-0.004,0.196,-7.307253933877,-9.25501995465257,43.6877610790059
10655.676,-0.014,-0.016,1.018,0.328,-0.004,0.196,-7.14647194590974,-10.0028767303603,45.8547003101322
10715.363,-0.014,-0.016,1.019,0.328,-0.008,0.196,-7.14647194590974,-10.0028767303603,45.8547003101322
10754.954,-0.014,-0.016,1.019,0.328,-0.008,0.196,-7.30715003316971,-8.21930543687749,46.4738258047397
10794.136,-0.013,-0.016,1.018,0.319,-0.026,0.201,-7.30715003316971,-8.21930543687749,46.4738258047397
10854.228,-0.013,-0.016,1.018,0.319,-0.026,0.201,-8.58427566454811,-8.36863668631232,46.7833885520435
10874.962,-0.013,-0.017,1.019,0.328,0,0.192,-8.58427566454811,-8.36863668631232,46.7833885520435
10953.499,-0.014,-0.016,1.018,0.328,-0.013,0.188,-6.34831559929689,-9.55758417125639,46.3190444310879
11034.318,-0.013,-0.016,1.018,0.323,-0.017,0.183,-6.34831559929689,-9.55758417125639,46.3190444310879
11051.361,-0.013,-0.016,1.018,0.323,-0.017,0.183,-7.62618290972522,-9.25772114385315,45.0807934418728
11113.093,-0.013,-0.016,1.019,0.323,-0.013,0.183,-7.62618290972522,-9.25772114385315,45.0807934418728
11150.634,-0.013,-0.016,1.019,0.323,-0.013,0.183,-8.10560654013269,-8.81062779194886,44.6164493209172
11191.871,-0.013,-0.016,1.019,0.336,-0.008,0.188,-8.10560654013269,-8.81062779194886,44.6164493209172
11194.246,-0.014,-0.016,1.019,0.336,-0.008,0.188,-8.10560654013269,-8.81062779194886,44.6164493209172
11249.924,-0.014,-0.016,1.019,0.336,-0.008,0.188,-7.62606028019675,-9.1104908193521,45.8547003101322
11272.706,-0.013,-0.016,1.018,0.332,-0.013,0.179,-7.62606028019675,-9.1104908193521,45.8547003101322
11349.193,-0.013,-0.016,1.018,0.332,-0.013,0.179,-6.82803708170014,-8.664297863848,45.8547003101322
11351.468,-0.013,-0.016,1.019,0.336,-0.008,0.188,-6.82803708170014,-8.664297863848,45.8547003101322
11432.071,-0.013,-0.016,1.018,0.328,-0.008,0.192,-6.82803708170014,-8.664297863848,45.8547003101322
11447.064,-0.013,-0.016,1.018,0.328,-0.008,0.192,-7.30579392130702,-10.4493698179978,46.0094816837841
11510.843,-0.013,-0.016,1.018,0.332,-0.008,0.175,-7.30579392130702,-10.4493698179978,46.0094816837841
11546.332,-0.013,-0.016,1.018,0.332,-0.008,0.175,-7.62622498407629,-8.66519826024819,46.3190444310879
11591.669,-0.013,-0.016,1.019,0.315,-0.013,0.188,-7.62622498407629,-8.66519826024819,46.3190444310879
11645.612,-0.013,-0.016,1.019,0.315,-0.013,0.188,-6.34815089541735,-10.0028767303603,45.8547003101322
11670.437,-0.013,-0.017,1.019,0.306,-0.008,0.192,-6.34815089541735,-10.0028767303603,45.8547003101322
11744.883,-0.013,-0.017,1.019,0.306,-0.008,0.192,-7.30732756399136,-8.2181049083439,45.8547003101322
11749.209,-0.013,-0.017,1.019,0.323,-0.004,0.183,-7.30732756399136,-8.2181049083439,45.8547003101322
11751.583,-0.013,-0.016,1.018,0.323,-0.004,0.183,-7.30732756399136,-8.2181049083439,45.8547003101322
11829.819,-0.013,-0.016,1.018,0.323,-0.021,0.192,-7.30732756399136,-8.2181049083439,45.8547003101322
11842.762,-0.013,-0.016,1.018,0.323,-0.021,0.192,-8.10504239190441,-9.25862154025334,45.5451375628285
11908.592,-0.013,-0.016,1.018,0.332,-0.004,0.205,-8.10504239190441,-9.25862154025334,45.5451375628285
11942.034,-0.013,-0.016,1.018,0.332,-0.004,0.205,-6.18877171037254,-9.11259174428588,46.9381699256954
11989.42,-0.013,-0.016,1.018,0.323,-0.021,0.188,-6.18877171037254,-9.11259174428588,46.9381699256954
12041.313,-0.013,-0.016,1.018,0.323,-0.021,0.188,-6.82802425475803,-8.22020583327769,46.9381699256954
12068.186,-0.014,-0.017,1.018,0.323,-0.017,0.188,-6.82802425475803,-8.22020583327769,46.9381699256954
12140.583,-0.014,-0.017,1.018,0.323,-0.017,0.188,-7.30706357611322,-8.81212845261584,45.3903561891766
12149.01,-0.013,-0.016,1.018,0.315,-0.004,0.183,-7.30706357611322,-8.81212845261584,45.3903561891766
12227.562,-0.014,-0.016,1.018,0.315,-0.013,0.183,-7.30706357611322,-8.81212845261584,45.3903561891766
12238.454,-0.014,-0.016,1.018,0.315,-0.013,0.183,-6.34848030317644,-9.11229161215248,46.7833885520435
12308.388,-0.013,-0.016,1.018,0.315,-0.004,0.17,-6.34848030317644,-9.11229161215248,46.7833885520435
12337.732,-0.013,-0.016,1.018,0.315,-0.004,0.17,-6.82809429134767,-9.10808976228492,44.6164493209172
12387.164,-0.013,-0.016,1.018,0.319,-0.013,0.192,-6.82809429134767,-9.10808976228492,44.6164493209172
12437.012,-0.013,-0.016,1.018,0.319,-0.013,0.192,-6.34959808104522,-8.36443483644476,44.6164493209172
12465.936,-0.014,-0.016,1.019,0.323,-0.017,0.183,-6.34959808104522,-8.36443483644476,44.6164493209172
12536.283,-0.014,-0.016,1.019,0.323,-0.017,0.183,-7.78528297159543,-9.70571489215763,46.0094816837841
12546.76,-0.013,-0.016,1.018,0.319,-0.013,0.188,-7.78528297159543,-9.70571489215763,46.0094816837841
12625.306,-0.013,-0.016,1.019,0.328,-0.026,0.188,-7.78528297159543,-9.70571489215763,46.0094816837841
12634.149,-0.013,-0.016,1.019,0.328,-0.026,0.188,-7.14640421767444,-9.70721555282462,46.7833885520435
12706.134,-0.013,-0.016,1.019,0.319,-0.026,0.183,-7.14640421767444,-9.70721555282462,46.7833885520435
12733.428,-0.013,-0.016,1.019,0.319,-0.026,0.183,-8.26460500964995,-8.81512977394982,46.9381699256954
12784.9,-0.013,-0.016,1.018,0.332,-0.021,0.192,-8.26460500964995,-8.81512977394982,46.9381699256954
12832.696,-0.013,-0.016,1.018,0.332,-0.021,0.192,-7.30668978564872,-9.70301370295706,44.6164493209172
12865.724,-0.013,-0.017,1.018,0.341,-0.026,0.192,-7.30668978564872,-9.70301370295706,44.6164493209172
12931.975,-0.013,-0.017,1.018,0.341,-0.026,0.192,-8.10598033059719,-7.91974254160764,45.3903561891766
12944.5,-0.014,-0.016,1.019,0.319,-0.013,0.201,-8.10598033059719,-7.91974254160764,45.3903561891766
13023.045,-0.013,-0.016,1.018,0.328,-0.008,0.192,-8.10598033059719,-7.91974254160764,45.3903561891766
13029.838,-0.013,-0.016,1.018,0.328,-0.008,0.192,-7.78635405840445,-8.36593549711174,45.3903561891766
13103.873,-0.014,-0.016,1.018,0.319,-0.017,0.192,-7.78635405840445,-8.36593549711174,45.3903561891766
13129.115,-0.014,-0.016,1.018,0.319,-0.017,0.192,-7.14716462554556,-8.36953708271251,47.2477326729991
13182.638,-0.013,-0.016,1.018,0.319,-0.026,0.179,-7.14716462554556,-8.36953708271251,47.2477326729991
13228.386,-0.013,-0.016,1.018,0.319,-0.026,0.179,-7.78678505851648,-7.91884214520745,44.926012068221
13263.462,-0.013,-0.016,1.018,0.323,-0.021,0.17,-7.78678505851648,-7.91884214520745,44.926012068221
13325.611,-0.013,-0.016,1.018,0.323,-0.021,0.17,-6.82846808181217,-8.21720451194371,45.3903561891766
13342.236,-0.014,-0.016,1.019,0.323,-0.013,0.183,-6.82846808181217,-8.21720451194371,45.3903561891766
13422.835,-0.013,-0.016,1.018,0.323,-0.017,0.192,-6.82846808181217,-8.21720451194371,45.3903561891766
13425.528,-0.013,-0.016,1.018,0.323,-0.017,0.192,-8.26531282458223,-8.2181049083439,45.8547003101322
13501.599,-0.013,-0.016,1.019,0.315,-0.008,0.188,-8.26531282458223,-8.2181049083439,45.8547003101322
13524.79,-0.013,-0.016,1.019,0.315,-0.008,0.188,-7.62588505772944,-9.70391409935725,45.0807934418728
13580.365,-0.013,-0.016,1.018,0.336,-0.021,0.201,-7.62588505772944,-9.70391409935725,45.0807934418728
13622.018,-0.013,-0.016,1.018,0.336,-0.021,0.201,-6.18969913047755,-7.92184346654142,46.4738258047397
13661.192,-0.013,-0.016,1.019,0.319,0,0.196,-6.18969913047755,-7.92184346654142,46.4738258047397
13721.289,-0.013,-0.016,1.019,0.319,0,0.196,-7.14778598342136,-8.36533523284495,45.0807934418728
13739.964,-0.013,-0.016,1.018,0.332,-0.004,0.183,-7.14778598342136,-8.36533523284495,45.0807934418728
13820.561,-0.014,-0.016,1.019,0.323,-0.017,0.179,-6.82760608158811,-9.11139121575229,46.3190444310879
13899.321,-0.013,-0.016,1.018,0.332,-0.013,0.192,-6.82760608158811,-9.11139121575229,46.3190444310879
13920.473,-0.013,-0.016,1.018,0.332,-0.013,0.192,-7.14812590976821,-7.32661939373589,46.3190444310879
13980.146,-0.013,-0.017,1.018,0.323,-0.013,0.196,-7.14812590976821,-7.32661939373589,46.3190444310879
14017.694,-0.013,-0.017,1.018,0.323,-0.013,0.196,-7.14642756320433,-10.0031768624937,46.0094816837841
14058.921,-0.013,-0.016,1.018,0.323,-0.03,0.183,-7.14642756320433,-10.0031768624937,46.0094816837841
14116.972,-0.013,-0.016,1.018,0.323,-0.03,0.183,-7.62642355207348,-8.36773628991213,46.3190444310879
14137.696,-0.013,-0.016,1.018,0.301,-0.017,0.188,-7.62642355207348,-8.36773628991213,46.3190444310879
14216.241,-0.013,-0.016,1.018,0.301,-0.017,0.188,-7.14665768696482,-9.26132272945392,46.9381699256954
14218.517,-0.013,-0.017,1.019,0.301,0,0.183,-7.14665768696482,-9.26132272945392,46.9381699256954
14297.062,-0.013,-0.016,1.019,0.323,-0.017,0.183,-7.14665768696482,-9.26132272945392,46.9381699256954
14316.162,-0.013,-0.016,1.019,0.323,-0.017,0.183,-7.78581325570605,-9.10989055508531,45.5451375628285
14377.883,-0.013,-0.016,1.018,0.315,-0.03,0.179,-7.78581325570605,-9.10989055508531,45.5451375628285
14413.376,-0.013,-0.016,1.018,0.315,-0.03,0.179,-8.58353860220687,-10.0022764660935,45.5451375628285
14456.661,-0.013,-0.016,1.019,0.332,-0.013,0.183,-8.58353860220687,-10.0022764660935,45.5451375628285
14512.65,-0.013,-0.016,1.019,0.332,-0.013,0.183,-7.78588919417477,-8.66519826024819,46.3190444310879
14535.434,-0.013,-0.016,1.019,0.323,-0.008,0.17,-7.78588919417477,-8.66519826024819,46.3190444310879
14611.928,-0.013,-0.016,1.019,0.323,-0.008,0.17,-5.39052890670322,-9.26012220092033,46.3190444310879
14616.254,-0.013,-0.016,1.018,0.315,-0.013,0.201,-5.39052890670322,-9.26012220092033,46.3190444310879
14694.798,-0.013,-0.016,1.018,0.315,-0.013,0.196,-5.39052890670322,-9.26012220092033,46.3190444310879
14711.84,-0.013,-0.016,1.018,0.315,-0.013,0.196,-8.26490286164574,-8.36893681844571,46.9381699256954
14775.623,-0.014,-0.016,1.019,0.332,-0.026,0.188,-8.26490286164574,-8.36893681844571,46.9381699256954
14809.065,-0.014,-0.016,1.019,0.332,-0.026,0.188,-6.34919863669649,-8.36713602564533,46.0094816837841
14854.397,-0.014,-0.016,1.018,0.319,-0.017,0.188,-6.34919863669649,-8.36713602564533,46.0094816837841
14908.335,-0.014,-0.016,1.018,0.319,-0.017,0.188,-6.66809605678141,-8.81422937754962,46.4738258047397
14935.218,-0.013,-0.016,1.019,0.328,-0.008,0.188,-6.66809605678141,-8.81422937754962,46.4738258047397
15007.612,-0.013,-0.016,1.019,0.328,-0.008,0.188,-7.78588919417477,-8.66519826024819,46.3190444310879
15013.987,-0.013,-0.016,1.018,0.323,-0.021,0.201,-7.78588919417477,-8.66519826024819,46.3190444310879
15094.585,-0.013,-0.016,1.018,0.328,-0.013,0.196,-7.78588919417477,-8.66519826024819,46.3190444310879
15105.479,-0.013,-0.016,1.018,0.328,-0.013,0.196,-7.30758103328173,-7.7722120849732,46.0094816837841
15173.364,-0.014,-0.016,1.019,0.332,-0.008,0.183,-7.30758103328173,-7.7722120849732,46.0094816837841
15204.754,-0.014,-0.016,1.019,0.332,-0.008,0.183,-6.34880380905645,-9.55428271778902,44.6164493209172
15252.137,-0.013,-0.016,1.018,0.319,-0.021,0.196,-6.34880380905645,-9.55428271778902,44.6164493209172
15304.029,-0.013,-0.016,1.018,0.319,-0.021,0.196,-6.34805161141876,-10.1516077155283,45.8547003101322
15332.962,-0.013,-0.016,1.018,0.31,-0.017,0.183,-6.34805161141876,-10.1516077155283,45.8547003101322
15403.299,-0.013,-0.016,1.018,0.31,-0.017,0.183,-7.14662382284717,-9.11349214068607,47.402514046651
15411.725,-0.013,-0.016,1.019,0.328,-0.026,0.175,-7.14662382284717,-9.11349214068607,47.402514046651
15492.324,-0.013,-0.016,1.018,0.332,-0.013,0.188,-7.14662382284717,-9.11349214068607,47.402514046651
15501.167,-0.013,-0.016,1.018,0.332,-0.013,0.188,-7.14647194590974,-10.0028767303603,45.8547003101322
15571.097,-0.013,-0.016,1.018,0.323,-0.008,0.188,-7.14647194590974,-10.0028767303603,45.8547003101322
15600.439,-0.013,-0.016,1.018,0.323,-0.008,0.188,-6.66794187148964,-9.11139121575229,46.3190444310879
15651.923,-0.013,-0.017,1.018,0.315,-0.03,0.183,-6.66794187148964,-9.11139121575229,46.3190444310879
15699.715,-0.013,-0.017,1.018,0.315,-0.03,0.183,-7.30702971199558,-8.664297863848,45.8547003101322
15730.69,-0.013,-0.016,1.018,0.332,-0.021,0.192,-7.30702971199558,-8.664297863848,45.8547003101322
15798.985,-0.013,-0.016,1.018,0.332,-0.021,0.192,-6.82806863746344,-8.21990570114429,46.7833885520435
15809.462,-0.013,-0.016,1.019,0.319,-0.013,0.188,-6.82806863746344,-8.21990570114429,46.7833885520435
15890.061,-0.014,-0.016,1.018,0.332,-0.013,0.183,-6.82806863746344,-8.21990570114429,46.7833885520435
15896.854,-0.014,-0.016,1.018,0.332,-0.013,0.183,-7.78627811993573,-8.81062779194886,44.6164493209172
15968.836,-0.013,-0.016,1.018,0.332,-0.017,0.17,-7.78627811993573,-8.81062779194886,44.6164493209172
15996.128,-0.013,-0.016,1.018,0.332,-0.017,0.17,-7.78559134217898,-9.11139121575229,46.3190444310879
16049.658,-0.013,-0.016,1.019,0.323,-0.017,0.179,-7.78559134217898,-9.11139121575229,46.3190444310879
16095.397,-0.013,-0.016,1.019,0.323,-0.017,0.179,-7.14710151401896,-9.25832140811994,45.3903561891766
16128.423,-0.014,-0.016,1.018,0.323,-0.013,0.183,-7.14710151401896,-9.25832140811994,45.3903561891766
16194.671,-0.014,-0.016,1.018,0.323,-0.013,0.183,-6.6673672046736,-9.70751568495802,46.9381699256954
16209.246,-0.013,-0.016,1.019,0.332,-0.013,0.188,-6.6673672046736,-9.70751568495802,46.9381699256954
16287.792,-0.013,-0.016,1.018,0.319,-0.021,0.196,-6.6673672046736,-9.70751568495802,46.9381699256954
16292.535,-0.013,-0.016,1.018,0.319,-0.021,0.196,-8.10548391060421,-8.66339746744781,45.3903561891766
16366.569,-0.013,-0.017,1.018,0.328,-0.008,0.205,-8.10548391060421,-8.66339746744781,45.3903561891766
16391.814,-0.013,-0.017,1.018,0.328,-0.008,0.205,-7.62561876149695,-9.70571489215763,46.0094816837841
16447.393,-0.013,-0.016,1.018,0.315,-0.008,0.192,-7.62561876149695,-9.70571489215763,46.0094816837841
16491.083,-0.013,-0.016,1.018,0.315,-0.008,0.192,-7.62571804549555,-9.5569839069896,46.0094816837841
16526.162,-0.013,-0.016,1.019,0.328,-0.017,0.17,-7.62571804549555,-9.5569839069896,46.0094816837841
16590.362,-0.013,-0.016,1.019,0.328,-0.017,0.17,-7.30668747729438,-9.1107909514855,46.0094816837841
16606.987,-0.013,-0.016,1.019,0.297,-0.017,0.166,-7.30668747729438,-9.1107909514855,46.0094816837841
16685.535,-0.014,-0.016,1.019,0.306,-0.013,0.201,-7.30668747729438,-9.1107909514855,46.0094816837841
16688.227,-0.014,-0.016,1.019,0.306,-0.013,0.201,-8.10505521884653,-9.70271357082366,44.4616679472653
16766.358,-0.013,-0.017,1.018,0.31,-0.017,0.188,-8.10505521884653,-9.70271357082366,44.4616679472653
16787.5,-0.013,-0.017,1.018,0.31,-0.017,0.188,-6.3489007847007,-8.81332898114943,46.0094816837841
16845.128,-0.013,-0.017,1.019,0.319,-0.021,0.175,-6.3489007847007,-8.81332898114943,46.0094816837841
16886.778,-0.013,-0.017,1.019,0.319,-0.021,0.175,-7.62708698430035,-7.77101155643961,45.3903561891766
16925.951,-0.013,-0.016,1.018,0.332,-0.008,0.188,-7.62708698430035,-7.77101155643961,45.3903561891766
16986.049,-0.013,-0.016,1.018,0.332,-0.008,0.188,-6.82796114323143,-9.10899015868511,45.0807934418728
17004.727,-0.013,-0.016,1.018,0.315,-0.017,0.175,-6.82796114323143,-9.10899015868511,45.0807934418728
17083.276,-0.013,-0.016,1.018,0.315,-0.021,0.196,-6.82878697098349,-7.47475011463713,46.0094816837841
17085.869,-0.013,-0.017,1.018,0.315,-0.021,0.196,-6.82878697098349,-7.47475011463713,46.0094816837841
17164.097,-0.013,-0.016,1.018,0.319,-0.035,0.188,-6.82878697098349,-7.47475011463713,46.0094816837841
17183.19,-0.013,-0.016,1.018,0.319,-0.035,0.188,-8.26464939235536,-8.81482964181642,46.7833885520435
17242.866,-0.013,-0.016,1.019,0.323,-0.026,0.188,-8.26464939235536,-8.81482964181642,46.7833885520435
17282.465,-0.013,-0.016,1.019,0.323,-0.026,0.188,-7.78581325570605,-9.10989055508531,45.5451375628285
17323.69,-0.013,-0.016,1.018,0.31,-0.017,0.183,-7.78581325570605,-9.10989055508531,45.5451375628285
17381.739,-0.013,-0.016,1.018,0.31,-0.017,0.183,-6.82757452582482,-9.55578337845601,45.3903561891766
17402.466,-0.013,-0.016,1.018,0.31,-0.008,0.183,-6.82757452582482,-9.55578337845601,45.3903561891766
17481.02,-0.013,-0.016,1.018,0.31,-0.008,0.183,-8.58454196078059,-8.36683589351193,45.8547003101322
17483.294,-0.013,-0.016,1.019,0.328,-0.008,0.188,-8.58454196078059,-8.36683589351193,45.8547003101322
17561.833,-0.013,-0.016,1.019,0.323,-0.004,0.192,-8.58454196078059,-8.36683589351193,45.8547003101322
17578.877,-0.013,-0.016,1.019,0.323,-0.004,0.192,-7.78554926782792,-9.70391409935725,45.0807934418728
17640.599,-0.013,-0.016,1.018,0.328,-0.013,0.21,-7.78554926782792,-9.70391409935725,45.0807934418728
17678.147,-0.013,-0.016,1.018,0.328,-0.013,0.21,-7.14708868707685,-8.81422937754962,46.4738258047397
17721.424,-0.013,-0.016,1.018,0.328,-0.03,0.196,-7.14708868707685,-8.81422937754962,46.4738258047397
17777.425,-0.013,-0.016,1.018,0.328,-0.03,0.196,-7.14656071132057,-10.0022764660935,45.5451375628285
17800.2,-0.013,-0.016,1.019,0.336,-0.004,0.183,-7.14656071132057,-10.0022764660935,45.5451375628285
17874.645,-0.013,-0.016,1.019,0.336,-0.004,0.183,-6.66816378501671,-9.10989055508531,45.5451375628285
17881.022,-0.013,-0.016,1.018,0.328,-0.004,0.188,-6.66816378501671,-9.10989055508531,45.5451375628285
17959.563,-0.013,-0.017,1.019,0.315,-0.004,0.183,-6.66816378501671,-9.10989055508531,45.5451375628285
17974.564,-0.013,-0.017,1.019,0.315,-0.004,0.183,-8.26510373799728,-8.66369759958121,45.5451375628285
18038.335,-0.013,-0.016,1.019,0.31,-0.013,0.179,-8.26510373799728,-8.66369759958121,45.5451375628285
18073.837,-0.013,-0.016,1.019,0.31,-0.013,0.179,-8.10461139179239,-9.70571489215763,46.0094816837841
18119.162,-0.013,-0.016,1.018,0.323,-0.013,0.183,-8.10461139179239,-9.70571489215763,46.0094816837841
18171.051,-0.013,-0.016,1.018,0.323,-0.013,0.183,-7.62658004571961,-8.66279720318101,45.0807934418728
18197.929,-0.013,-0.017,1.019,0.319,-0.021,0.175,-7.62658004571961,-8.66279720318101,45.0807934418728
18270.32,-0.013,-0.017,1.019,0.319,-0.021,0.175,-7.30625647718235,-9.55788430338979,46.4738258047397
18278.754,-0.013,-0.016,1.018,0.336,-0.008,0.183,-7.30625647718235,-9.55788430338979,46.4738258047397
18357.29,-0.013,-0.016,1.019,0.323,0.008,0.179,-7.30625647718235,-9.55788430338979,46.4738258047397
18370.233,-0.013,-0.016,1.019,0.323,0.008,0.179,-9.06323673908024,-8.81302884901603,45.8547003101322
18436.069,-0.013,-0.016,1.019,0.345,0,0.179,-9.06323673908024,-8.81302884901603,45.8547003101322
18438.444,-0.013,-0.016,1.019,0.345,0,0.179,-9.06323673908024,-8.81302884901603,45.8547003101322
18469.521,-0.013,-0.016,1.019,0.345,0,0.179,-9.06436503553679,-7.91704135240707,43.9973238263097
18516.905,-0.013,-0.017,1.019,0.332,-0.021,0.192,-9.06436503553679,-7.91704135240707,43.9973238263097
18566.743,-0.013,-0.017,1.019,0.332,-0.021,0.192,-7.30670030423649,-9.55488298205582,44.926012068221
18595.676,-0.013,-0.016,1.019,0.328,-0.013,0.192,-7.30670030423649,-9.55488298205582,44.926012068221
18666.019,-0.013,-0.016,1.019,0.328,-0.013,0.192,-6.66773278490468,-9.5569839069896,46.0094816837841
18676.494,-0.013,-0.016,1.019,0.319,-0.013,0.192,-6.66773278490468,-9.5569839069896,46.0094816837841
18755.037,-0.014,-0.017,1.018,0.315,-0.021,0.201,-6.66773278490468,-9.5569839069896,46.0094816837841
18765.931,-0.014,-0.017,1.018,0.315,-0.021,0.201,-7.62665598418832,-8.2181049083439,45.8547003101322
18835.865,-0.013,-0.016,1.019,0.332,-0.008,0.188,-7.62665598418832,-8.2181049083439,45.8547003101322
18863.155,-0.013,-0.016,1.019,0.332,-0.008,0.188,-7.30615719318375,-9.70661528855782,46.4738258047397
18914.636,-0.013,-0.017,1.019,0.315,0,0.205,-7.30615719318375,-9.70661528855782,46.4738258047397
18962.429,-0.013,-0.017,1.019,0.315,0,0.205,-6.18877401872689,-9.70481449575744,45.5451375628285
18993.412,-0.013,-0.016,1.018,0.315,-0.021,0.179,-6.18877401872689,-9.70481449575744,45.5451375628285
19061.698,-0.013,-0.016,1.018,0.315,-0.021,0.179,-8.10455418214486,-9.26192299372071,47.2477326729991
19074.224,-0.014,-0.016,1.019,0.315,-0.013,0.183,-8.10455418214486,-9.26192299372071,47.2477326729991
19152.775,-0.013,-0.017,1.018,0.328,-0.013,0.183,-8.10455418214486,-9.26192299372071,47.2477326729991
19161.617,-0.013,-0.017,1.018,0.328,-0.013,0.183,-6.82686671089253,-10.1528082440619,46.4738258047397
19233.596,-0.013,-0.016,1.018,0.315,-0.017,0.175,-6.82686671089253,-10.1528082440619,46.4738258047397
19258.837,-0.013,-0.016,1.018,0.315,-0.017,0.175,-8.26504883670409,-8.81212845261584,45.3903561891766
19312.37,-0.013,-0.017,1.019,0.301,-0.013,0.175,-8.26504883670409,-8.81212845261584,45.3903561891766
19358.113,-0.013,-0.017,1.019,0.301,-0.013,0.175,-7.62479883562396,-10.0073787123613,48.1764209149104
19393.194,-0.013,-0.016,1.019,0.319,-0.035,0.179,-7.62479883562396,-10.0073787123613,48.1764209149104
19457.382,-0.013,-0.016,1.019,0.319,-0.035,0.179,-6.19043850117313,-6.88042643823179,46.3190444310879
19471.958,-0.013,-0.016,1.018,0.332,-0.03,0.175,-6.19043850117313,-6.88042643823179,46.3190444310879
19552.551,-0.013,-0.016,1.018,0.332,-0.026,0.192,-6.19043850117313,-6.88042643823179,46.3190444310879
19557.294,-0.013,-0.016,1.018,0.332,-0.026,0.192,-7.14735498330933,-8.81242858474924,45.5451375628285
19631.328,-0.013,-0.017,1.018,0.328,-0.008,0.183,-7.14735498330933,-8.81242858474924,45.5451375628285
19654.521,-0.013,-0.017,1.018,0.328,-0.008,0.183,-7.78514982347919,-9.70661528855782,46.4738258047397
19710.103,-0.013,-0.016,1.018,0.332,-0.017,0.183,-7.78514982347919,-9.70661528855782,46.4738258047397
19753.793,-0.013,-0.016,1.018,0.332,-0.017,0.183,-7.62634530525042,-8.22020583327769,46.9381699256954
19790.921,-0.013,-0.017,1.019,0.323,-0.03,0.183,-7.62634530525042,-8.22020583327769,46.9381699256954
19853.073,-0.013,-0.017,1.019,0.323,-0.03,0.183,-6.82714352571278,-10.0028767303603,45.8547003101322
19869.699,-0.013,-0.016,1.019,0.323,-0.021,0.201,-6.82714352571278,-10.0028767303603,45.8547003101322
19950.293,-0.013,-0.016,1.018,0.319,-0.021,0.196,-6.82714352571278,-10.0028767303603,45.8547003101322
19952.985,-0.013,-0.016,1.018,0.319,-0.021,0.196,-6.66853757548121,-8.2190053047441,46.3190444310879
20029.07,-0.014,-0.016,1.018,0.315,-0.026,0.183,-6.66853757548121,-8.2190053047441,46.3190444310879
20050.213,-0.014,-0.016,1.018,0.315,-0.026,0.183,-7.30722827999277,-8.36683589351193,45.8547003101322
20109.892,-0.014,-0.016,1.018,0.332,-0.026,0.179,-7.30722827999277,-8.36683589351193,45.8547003101322
20149.485,-0.014,-0.016,1.018,0.332,-0.026,0.179,-7.7860095153489,-8.22020583327769,46.9381699256954
20188.66,-0.013,-0.016,1.019,0.31,-0.021,0.175,-7.7860095153489,-8.22020583327769,46.9381699256954
20248.761,-0.013,-0.016,1.019,0.31,-0.021,0.175,-7.30705074917111,-8.36803642204552,46.4738258047397
20267.436,-0.014,-0.016,1.018,0.319,-0.017,0.179,-7.30705074917111,-8.36803642204552,46.4738258047397
20348.035,-0.013,-0.016,1.018,0.31,-0.021,0.179,-7.62548561338071,-9.70661528855782,46.4738258047397
20426.8,-0.013,-0.017,1.018,0.328,-0.013,0.196,-7.62548561338071,-9.70661528855782,46.4738258047397
20445.891,-0.013,-0.017,1.018,0.328,-0.013,0.196,-8.26518198482034,-8.81122805621565,44.926012068221
20507.624,-0.014,-0.016,1.019,0.323,-0.017,0.175,-8.26518198482034,-8.81122805621565,44.926012068221
20545.168,-0.014,-0.016,1.019,0.323,-0.017,0.175,-8.26551139257942,-7.92064293800783,45.8547003101322
20586.39,-0.013,-0.017,1.019,0.319,-0.008,0.183,-8.26551139257942,-7.92064293800783,45.8547003101322
20644.439,-0.013,-0.017,1.019,0.319,-0.008,0.183,-6.66807501960588,-9.1104908193521,45.8547003101322
20665.165,-0.013,-0.017,1.019,0.319,-0.017,0.183,-6.66807501960588,-9.1104908193521,45.8547003101322
20667.54,-0.013,-0.016,1.018,0.319,-0.017,0.183,-6.66807501960588,-9.1104908193521,45.8547003101322
20743.726,-0.013,-0.016,1.018,0.319,-0.017,0.183,-7.62599255196145,-8.81482964181642,46.7833885520435
20746.001,-0.014,-0.016,1.019,0.319,-0.004,0.183,-7.62599255196145,-8.81482964181642,46.7833885520435
20824.549,-0.013,-0.016,1.018,0.323,-0.013,0.192,-7.62599255196145,-8.81482964181642,46.7833885520435
20841.59,-0.013,-0.016,1.018,0.323,-0.013,0.192,-5.71008975901501,-9.1104908193521,45.8547003101322
20905.365,-0.013,-0.016,1.018,0.341,0,0.188,-5.71008975901501,-9.1104908193521,45.8547003101322
20940.869,-0.013,-0.016,1.018,0.341,0,0.188,-7.62621446548852,-8.81332898114943,46.0094816837841
20984.142,-0.013,-0.016,1.018,0.341,-0.008,0.192,-7.62621446548852,-8.81332898114943,46.0094816837841
21040.141,-0.013,-0.016,1.018,0.341,-0.008,0.192,-7.78605620640866,-8.81212845261584,45.3903561891766
21064.968,-0.013,-0.016,1.018,0.323,-0.013,0.192,-7.78605620640866,-8.81212845261584,45.3903561891766
21139.42,-0.013,-0.016,1.018,0.323,-0.013,0.192,-8.10630152812286,-7.76951089577262,44.6164493209172
21143.746,-0.013,-0.016,1.018,0.301,0,0.192,-8.10630152812286,-7.76951089577262,44.6164493209172
21224.34,-0.013,-0.016,1.018,0.301,-0.021,0.17,-8.10630152812286,-7.76951089577262,44.6164493209172
21237.281,-0.013,-0.016,1.018,0.301,-0.021,0.17,-7.1472977736618,-8.36863668631232,46.7833885520435
21303.103,-0.013,-0.016,1.019,0.323,-0.017,0.175,-7.1472977736618,-8.36863668631232,46.7833885520435
21336.553,-0.013,-0.016,1.019,0.323,-0.017,0.175,-7.14769490965619,-7.77371274564019,46.7833885520435
21381.879,-0.013,-0.016,1.019,0.323,-0.017,0.183,-7.14769490965619,-7.77371274564019,46.7833885520435
21435.83,-0.013,-0.016,1.019,0.323,-0.017,0.183,-7.30777729292458,-6.88252736316558,47.402514046651
21462.704,-0.013,-0.016,1.019,0.323,-0.013,0.17,-7.30777729292458,-6.88252736316558,47.402514046651
21535.101,-0.013,-0.016,1.019,0.323,-0.013,0.17,-7.30652277341483,-9.5560835105894,45.5451375628285
21541.479,-0.013,-0.016,1.019,0.306,-0.008,0.188,-7.30652277341483,-9.5560835105894,45.5451375628285
21622.071,-0.013,-0.016,1.019,0.328,-0.013,0.196,-7.30652277341483,-9.5560835105894,45.5451375628285
21632.965,-0.013,-0.016,1.019,0.328,-0.013,0.196,-8.10590439212847,-8.36443483644476,44.6164493209172
21700.834,-0.013,-0.016,1.019,0.323,-0.021,0.201,-8.10590439212847,-8.36443483644476,44.6164493209172
21732.233,-0.013,-0.016,1.019,0.323,-0.021,0.201,-6.82744137770857,-9.5566837748562,45.8547003101322
21779.611,-0.013,-0.016,1.019,0.306,-0.017,0.183,-6.82744137770857,-9.5566837748562,45.8547003101322
21781.986,-0.013,-0.016,1.019,0.306,-0.017,0.183,-6.82744137770857,-9.5566837748562,45.8547003101322
21831.522,-0.013,-0.016,1.019,0.306,-0.017,0.183,-7.78535891006414,-9.26102259732052,46.7833885520435
21860.447,-0.013,-0.017,1.018,0.323,-0.017,0.183,-7.78535891006414,-9.26102259732052,46.7833885520435
21930.793,-0.013,-0.017,1.018,0.323,-0.017,0.183,-8.26564454069567,-7.91974254160764,45.3903561891766
21939.219,-0.013,-0.016,1.018,0.328,-0.013,0.183,-8.26564454069567,-7.91974254160764,45.3903561891766
22019.812,-0.013,-0.016,1.019,0.319,-0.008,0.188,-8.26564454069567,-7.91974254160764,45.3903561891766
22028.655,-0.013,-0.016,1.019,0.319,-0.008,0.188,-6.35006063692055,-7.47294932183675,45.0807934418728
22098.582,-0.014,-0.016,1.019,0.306,-0.026,0.183,-6.35006063692055,-7.47294932183675,45.0807934418728
22127.926,-0.014,-0.016,1.019,0.306,-0.026,0.183,-7.62622729243064,-9.25742101171975,44.926012068221
22179.412,-0.013,-0.016,1.019,0.328,-0.017,0.188,-7.62622729243064,-9.25742101171975,44.926012068221
22227.202,-0.013,-0.016,1.019,0.328,-0.017,0.188,-6.34867887117363,-8.81482964181642,46.7833885520435
22258.186,-0.014,-0.016,1.018,0.323,-0.013,0.188,-6.34867887117363,-8.81482964181642,46.7833885520435
22324.429,-0.014,-0.016,1.018,0.323,-0.013,0.188,-7.78514982347919,-9.70661528855782,46.4738258047397
22336.963,-0.014,-0.016,1.018,0.319,-0.017,0.179,-7.78514982347919,-9.70661528855782,46.4738258047397
22417.55,-0.014,-0.016,1.018,0.315,-0.013,0.183,-7.78514982347919,-9.70661528855782,46.4738258047397
22424.342,-0.014,-0.016,1.018,0.315,-0.013,0.183,-7.62552999608612,-9.70631515642443,46.3190444310879
22496.325,-0.013,-0.016,1.018,0.319,-0.021,0.188,-7.62552999608612,-9.70631515642443,46.3190444310879
22523.617,-0.013,-0.016,1.018,0.319,-0.021,0.188,-8.26566788622555,-8.21570385127673,44.6164493209172
22577.148,-0.014,-0.016,1.018,0.319,-0.017,0.183,-8.26566788622555,-8.21570385127673,44.6164493209172
22622.888,-0.014,-0.016,1.018,0.319,-0.017,0.183,-7.14765283530512,-8.36623562924514,45.5451375628285
22655.922,-0.013,-0.016,1.018,0.319,-0.017,0.188,-7.14765283530512,-8.36623562924514,45.5451375628285
22720.114,-0.013,-0.016,1.018,0.319,-0.017,0.188,-6.82734209370998,-9.70541476002423,45.8547003101322
22736.74,-0.014,-0.016,1.019,0.31,-0.021,0.183,-6.82734209370998,-9.70541476002423,45.8547003101322
22815.285,-0.013,-0.016,1.019,0.319,-0.026,0.192,-6.82734209370998,-9.70541476002423,45.8547003101322
22820.028,-0.013,-0.016,1.019,0.319,-0.026,0.192,-6.34867066094021,-9.55518311418921,45.0807934418728
22894.063,-0.013,-0.016,1.019,0.336,-0.017,0.196,-6.34867066094021,-9.55518311418921,45.0807934418728
22896.439,-0.013,-0.016,1.018,0.336,-0.017,0.196,-6.34867066094021,-9.55518311418921,45.0807934418728
22919.314,-0.013,-0.016,1.018,0.336,-0.017,0.196,-8.10455418214486,-9.26192299372071,47.2477326729991
22974.893,-0.013,-0.016,1.019,0.328,-0.008,0.175,-8.10455418214486,-9.26192299372071,47.2477326729991
23016.534,-0.013,-0.016,1.019,0.328,-0.008,0.175,-8.26516915787822,-8.36713602564533,46.0094816837841
23053.668,-0.013,-0.016,1.018,0.319,-0.017,0.183,-8.26516915787822,-8.36713602564533,46.0094816837841
23115.812,-0.013,-0.016,1.018,0.319,-0.017,0.183,-7.3072854896403,-8.81062779194886,44.6164493209172
23134.488,-0.013,-0.016,1.019,0.315,0,0.192,-7.3072854896403,-8.81062779194886,44.6164493209172
23213.033,-0.013,-0.016,1.019,0.315,-0.008,0.192,-7.3072854896403,-8.81062779194886,44.6164493209172
23215.726,-0.013,-0.016,1.019,0.315,-0.008,0.192,-7.14769490965619,-7.77371274564019,46.7833885520435
23293.853,-0.013,-0.016,1.018,0.323,-0.008,0.183,-7.14769490965619,-7.77371274564019,46.7833885520435
23314.995,-0.013,-0.016,1.018,0.323,-0.008,0.183,-8.26345798437222,-10.5996014638328,46.7833885520435
23372.631,-0.013,-0.017,1.018,0.315,-0.026,0.192,-8.26345798437222,-10.5996014638328,46.7833885520435
23412.224,-0.013,-0.017,1.018,0.315,-0.026,0.192,-6.8279354893472,-8.22080609754448,47.2477326729991
23451.403,-0.013,-0.016,1.018,0.315,-0.021,0.175,-6.8279354893472,-8.22080609754448,47.2477326729991
23511.493,-0.013,-0.016,1.018,0.315,-0.021,0.175,-7.78541381135732,-9.11259174428588,46.9381699256954
23532.219,-0.013,-0.016,1.018,0.328,-0.03,0.183,-7.78541381135732,-9.11259174428588,46.9381699256954
23610.77,-0.013,-0.016,1.018,0.323,-0.004,0.183,-8.26405368836379,-9.70721555282462,46.7833885520435
23691.588,-0.013,-0.016,1.019,0.323,-0.021,0.183,-8.26405368836379,-9.70721555282462,46.7833885520435
23708.631,-0.013,-0.016,1.019,0.323,-0.021,0.183,-6.82792497075943,-8.36893681844571,46.9381699256954
23770.364,-0.013,-0.017,1.018,0.306,-0.017,0.192,-6.82792497075943,-8.36893681844571,46.9381699256954
23807.906,-0.013,-0.017,1.018,0.306,-0.017,0.192,-8.26444030577041,-9.26042233305372,46.4738258047397
23851.182,-0.013,-0.016,1.018,0.315,-0.021,0.192,-8.26444030577041,-9.26042233305372,46.4738258047397
23907.182,-0.013,-0.016,1.018,0.315,-0.021,0.192,-6.82825899522722,-8.66279720318101,45.0807934418728
23929.961,-0.013,-0.016,1.019,0.315,-0.013,0.192,-6.82825899522722,-8.66279720318101,45.0807934418728
24006.462,-0.013,-0.016,1.019,0.315,-0.013,0.192,-6.82796935346485,-8.36863668631232,46.7833885520435
24008.738,-0.013,-0.016,1.018,0.315,-0.021,0.192,-6.82796935346485,-8.36863668631232,46.7833885520435
24089.335,-0.013,-0.016,1.019,0.306,-0.021,0.192,-6.82796935346485,-8.36863668631232,46.7833885520435
24104.327,-0.013,-0.016,1.019,0.306,-0.021,0.192,-6.18874246296359,-10.1492066584612,44.6164493209172
24168.107,-0.013,-0.016,1.019,0.31,-0.03,0.201,-6.18874246296359,-10.1492066584612,44.6164493209172
24203.597,-0.013,-0.016,1.019,0.31,-0.03,0.201,-7.62596099619815,-9.25922180452013,45.8547003101322
24248.923,-0.014,-0.016,1.018,0.301,-0.013,0.179,-7.62596099619815,-9.25922180452013,45.8547003101322
24302.874,-0.014,-0.016,1.018,0.301,-0.013,0.179,-6.66870227936075,-7.77371274564019,46.7833885520435
24327.697,-0.013,-0.016,1.018,0.306,-0.021,0.196,-6.66870227936075,-7.77371274564019,46.7833885520435
24402.141,-0.013,-0.016,1.018,0.306,-0.021,0.196,-5.86957643829183,-9.11169134788569,46.4738258047397
24406.467,-0.013,-0.016,1.018,0.332,-0.008,0.175,-5.86957643829183,-9.11169134788569,46.4738258047397
24487.07,-0.014,-0.016,1.019,0.319,0,0.188,-5.86957643829183,-9.11169134788569,46.4738258047397
24500.012,-0.014,-0.016,1.019,0.319,0,0.188,-7.62608131737228,-8.81422937754962,46.4738258047397
24565.833,-0.013,-0.016,1.018,0.315,-0.026,0.196,-7.62608131737228,-8.81422937754962,46.4738258047397
24599.276,-0.013,-0.016,1.018,0.315,-0.026,0.196,-6.18947131507141,-9.25592035105277,44.1521051999616
24646.648,-0.013,-0.016,1.019,0.323,-0.013,0.196,-6.18947131507141,-9.25592035105277,44.1521051999616
24698.546,-0.013,-0.016,1.019,0.323,-0.013,0.196,-7.78565676205993,-8.81482964181642,46.7833885520435
24725.424,-0.014,-0.016,1.018,0.336,-0.021,0.183,-7.78565676205993,-8.81482964181642,46.7833885520435
24797.823,-0.014,-0.016,1.018,0.336,-0.021,0.183,-8.10644288647252,-7.02825702699964,45.8547003101322
24804.199,-0.013,-0.016,1.018,0.31,-0.013,0.175,-8.10644288647252,-7.02825702699964,45.8547003101322
24884.793,-0.013,-0.016,1.018,0.315,-0.03,0.188,-8.10644288647252,-7.02825702699964,45.8547003101322
24895.685,-0.013,-0.016,1.018,0.315,-0.03,0.188,-6.82772640276224,-8.66639878878178,46.9381699256954
24963.562,-0.013,-0.016,1.018,0.319,-0.021,0.175,-6.82772640276224,-8.66639878878178,46.9381699256954
24994.962,-0.013,-0.016,1.018,0.319,-0.021,0.175,-7.30679497152639,-8.22170649394467,47.7120767939548
25044.384,-0.013,-0.016,1.019,0.319,-0.013,0.188,-7.30679497152639,-8.22170649394467,47.7120767939548
25094.233,-0.013,-0.016,1.019,0.319,-0.013,0.188,-6.82704193335984,-9.55938496405678,47.2477326729991
25123.161,-0.013,-0.016,1.019,0.332,-0.004,0.183,-6.82704193335984,-9.55938496405678,47.2477326729991
25191.461,-0.013,-0.016,1.019,0.332,-0.004,0.183,-6.34906548858024,-8.36803642204552,46.4738258047397
25201.938,-0.013,-0.016,1.019,0.332,-0.013,0.192,-6.34906548858024,-8.36803642204552,46.4738258047397
25282.541,-0.013,-0.017,1.019,0.319,-0.021,0.183,-6.34906548858024,-8.36803642204552,46.4738258047397
25291.384,-0.013,-0.017,1.019,0.319,-0.021,0.183,-7.30689656387933,-8.66519826024819,46.3190444310879
25361.312,-0.014,-0.016,1.019,0.31,-0.026,0.183,-7.30689656387933,-8.66519826024819,46.3190444310879
25390.66,-0.014,-0.016,1.019,0.31,-0.026,0.183,-7.62542019349976,-10.0031768624937,46.0094816837841
25442.133,-0.013,-0.016,1.018,0.315,-0.026,0.196,-7.62542019349976,-10.0031768624937,46.0094816837841
