,time,accX,accY,accZ,gyroX,gyroY,gyroZ,magX,magY,magZ,roll,pitch,yaw
0,536324.484,0.24712303102625302,0.24712303102625302,0.276553031026253,0.0009368960748414447,0.0009368960748414447,0.0027694917894354903,1.30338186305695,1.12518279567348,1.12518279567348,-0.015039081226073694,0.007336039837957038,-0.013413037312078067
1,536347.679,0.24712303102625302,0.24712303102625302,0.276553031026253,0.0009368960748414447,0.0009368960748414447,0.0027694917894354903,1.30338186305695,1.12518279567348,1.12518279567348,-0.019431937749524942,0.011384647392520656,0.02246028934060316
2,536403.261,0.24712303102625302,0.24712303102625302,0.276553031026253,0.0009368960748414447,0.0009368960748414447,0.0027694917894354903,1.30338186305695,1.12518279567348,1.12518279567348,-0.012245736442837466,0.02052296857099529,0.010064555336434446
3,536446.967,0.24712303102625302,0.24712303102625302,0.276553031026253,0.0009368960748414447,0.0009368960748414447,0.0027694917894354903,1.30338186305695,1.12518279567348,1.12518279567348,-0.0017979546621695187,0.02421275507873328,0.13706375998692702
4,536484.097,0.24712303102625302,0.24712303102625302,0.276553031026253,0.0009368960748414447,0.0009368960748414447,0.0027694917894354903,1.30338186305695,1.12518279567348,1.12518279567348,-0.021699608615061528,0.09778258344341707,-1.437813687392688
5,536544.207,0.24712303102625302,0.24712303102625302,0.276553031026253,0.0009368960748414447,0.0009368960748414447,0.0027694917894354903,1.30338186305695,1.12518279567348,1.12518279567348,-0.010089254755346024,0.13656366468731593,-1.709235158155414
6,536562.886,0.24712303102625302,0.24712303102625302,0.276553031026253,0.0009368960748414447,0.0009368960748414447,0.0027694917894354903,1.30338186305695,1.12518279567348,1.12518279567348,-0.014757806904135768,0.15565881943810958,-1.871292869318116
7,536641.444,0.24712303102625302,0.24712303102625302,0.276553031026253,0.0009368960748414447,0.0009368960748414447,0.0027694917894354903,1.30338186305695,1.12518279567348,1.12518279567348,-0.030863879734536758,0.1160594200446232,-1.852670068575167
8,536643.819,0.24712303102625302,0.24712303102625302,0.276553031026253,0.0009368960748414447,0.0009368960748414447,0.0027694917894354903,1.30338186305695,1.12518279567348,1.12518279567348,-0.05595785884308953,0.07161703929142288,-1.8050506558653951
9,536722.267,0.24712303102625302,0.24712303102625302,0.276553031026253,0.0009368960748414447,0.0009368960748414447,0.0027694917894354903,1.30338186305695,1.12518279567348,1.12518279567348,-0.08515350440712688,0.05419319833921701,-1.8098617235055785
10,536743.414,0.24712303102625302,0.24712303102625302,0.276553031026253,0.0009368960748414447,0.0009368960748414447,0.0027694917894354903,1.30338186305695,1.12518279567348,1.12518279567348,-0.11376045687241852,0.037270802273558216,-1.8226604200017018
11,536801.045,0.24712303102625302,0.24712303102625302,0.276553031026253,0.0009368960748414447,0.0009368960748414447,0.0027694917894354903,1.30338186305695,1.12518279567348,1.12518279567348,-0.11926607871613269,0.02114126538576903,-1.854736702042885
12,536842.699,0.24712303102625302,0.24712303102625302,0.276553031026253,0.0009368960748414447,0.0009368960748414447,0.0027694917894354903,1.30338186305695,1.12518279567348,1.12518279567348,-0.12472983035682232,0.005419314363592978,-1.893442946198387
13,536881.876,0.24712303102625302,0.24712303102625302,0.276553031026253,0.0009368960748414447,0.0009368960748414447,0.0027694917894354903,1.30338186305695,1.12518279567348,1.12518279567348,-0.1065583085466975,0.028451569115684135,-1.9054760397254444
14,536939.93,0.24712303102625302,0.24712303102625302,0.276553031026253,0.0009368960748414447,0.0009368960748414447,0.0027694917894354903,1.30338186305695,1.12518279567348,1.12518279567348,-0.08917340137773334,0.05171316690715024,-1.9355788763028947
15,536960.659,0.24712303102625302,0.24712303102625302,0.276553031026253,0.0009368960748414447,0.0009368960748414447,0.0027694917894354903,1.30338186305695,1.12518279567348,1.12518279567348,-0.06660595322759236,0.09095659039598798,-1.9678997325942602
16,537039.218,0.24712303102625302,0.24712303102625302,0.276553031026253,0.0009368960748414447,0.0009368960748414447,0.0027694917894354903,1.30338186305695,1.12518279567348,1.12518279567348,-0.04490771583690042,0.13037765449282965,-2.0214759481858273
17,537041.493,0.24712303102625302,0.24712303102625302,0.276553031026253,0.0009368960748414447,0.0009368960748414447,0.0027694917894354903,1.30338186305695,1.12518279567348,1.12518279567348,-0.03551863821153769,0.16091582426677292,-2.010471585685795
18,537120.039,0.24712303102625302,0.24712303102625302,0.276553031026253,0.0009368960748414447,0.0009368960748414447,0.0027694917894354903,1.30338186305695,1.12518279567348,1.12518279567348,-0.02170740838361513,0.1505696669169874,-1.9888019441833622
19,537139.142,0.24712303102625302,0.24712303102625302,0.276553031026253,0.0009368960748414447,0.0009368960748414447,0.0027694917894354903,1.30338186305695,1.12518279567348,1.12518279567348,-0.008119237952115613,0.1404438914439691,-1.97182962145952
20,537198.82,0.24712303102625302,0.24712303102625302,0.276553031026253,0.0009368960748414447,0.0009368960748414447,0.0027694917894354903,1.30338186305695,1.12518279567348,1.12518279567348,0.004462383082545391,0.12261653846729788,-1.9847225967873798
21,537238.425,0.24712303102625302,0.24712303102625302,0.276553031026253,0.0009368960748414447,0.0009368960748414447,0.0027694917894354903,1.30338186305695,1.12518279567348,1.12518279567348,0.016894766217899,0.10501008449383353,-1.9990754085470086
22,537279.656,0.24712303102625302,0.24712303102625302,0.276553031026253,0.0009368960748414447,0.0009368960748414447,0.0027694917894354903,1.30338186305695,1.12518279567348,1.12518279567348,0.057004798053020264,0.14396323057086238,-2.0106264024484655
23,537335.663,0.24712303102625302,0.24712303102625302,0.276553031026253,0.0009368960748414447,0.0009368960748414447,0.0027694917894354903,1.30338186305695,1.12518279567348,1.12518279567348,0.0969626340137965,0.18242444426355725,-2.015699856056415
24,537358.439,0.24712303102625302,0.24712303102625302,0.276553031026253,0.0009368960748414447,0.0009368960748414447,0.0027694917894354903,1.30338186305695,1.12518279567348,1.12518279567348,0.2230770446659159,0.2044150485970275,-2.1054066503131534
25,537434.941,0.24712303102625302,0.24712303102625302,0.276553031026253,0.0009368960748414447,0.0009368960748414447,0.0027694917894354903,1.30338186305695,1.12518279567348,1.12518279567348,0.3470520004902468,0.22734641657238258,-2.2338157244610968
26,537437.218,0.24712303102625302,0.24712303102625302,0.276553031026253,0.0009368960748414447,0.0009368960748414447,0.0027694917894354903,1.30338186305695,1.12518279567348,1.12518279567348,0.6530333436752335,0.24891075156190895,-2.324982004116962
27,537517.819,0.24712303102625302,0.24712303102625302,0.276553031026253,0.0009368960748414447,0.0009368960748414447,0.0027694917894354903,1.30338186305695,1.12518279567348,1.12518279567348,1.0768336393009037,0.36145985370103856,-2.328143426858015
28,537534.863,0.24712303102625302,0.24712303102625302,0.276553031026253,0.0009368960748414447,0.0009368960748414447,0.0027694917894354903,1.30338186305695,1.12518279567348,1.12518279567348,1.497674159859828,0.47249665196910673,-2.306569865375525
29,537596.597,0.24712303102625302,0.24712303102625302,0.276553031026253,0.0009368960748414447,0.0009368960748414447,0.0027694917894354903,1.30338186305695,1.12518279567348,1.12518279567348,1.8996319763007878,0.5806726607444599,-2.5426198953997985
30,537634.142,0.24712303102625302,0.24712303102625302,0.276553031026253,0.0009368960748414447,0.0009368960748414447,0.0027694917894354903,1.30338186305695,1.12518279567348,1.12518279567348,2.298898176518715,0.6875601477305283,-2.7462405504130536
31,537677.428,0.24712303102625302,0.24712303102625302,0.276553031026253,0.0009368960748414447,0.0009368960748414447,0.0027694917894354903,1.30338186305695,1.12518279567348,1.12518279567348,2.8254504477637097,0.7829949531695436,-2.9385033748220066
32,537731.371,0.24712303102625302,0.24712303102625302,0.276553031026253,0.0009368960748414447,0.0009368960748414447,0.0027694917894354903,1.30338186305695,1.12518279567348,1.12518279567348,3.347219971380126,0.8787988940032311,-3.135347964130135
33,537756.209,0.24712303102625302,0.24712303102625302,0.276553031026253,0.0009368960748414447,0.0009368960748414447,0.0027694917894354903,1.30338186305695,1.12518279567348,1.12518279567348,4.052778068843794,1.026384685474688,-3.2895643061845496
34,537830.66,0.24712303102625302,0.24712303102625302,0.276553031026253,0.0009368960748414447,0.0009368960748414447,0.0027694917894354903,1.30338186305695,1.12518279567348,1.12518279567348,4.752432335423579,1.1735611855424848,-3.435177760630162
35,537837.036,0.24712303102625302,0.24712303102625302,0.276553031026253,0.0009368960748414447,0.0009368960748414447,0.0027694917894354903,1.30338186305695,1.12518279567348,1.12518279567348,5.700720368748768,1.3850029638777015,-3.543713999513303
36,537915.588,0.24712303102625302,0.24712303102625302,0.276553031026253,0.0009368960748414447,0.0009368960748414447,0.0027694917894354903,1.30338186305695,1.12518279567348,1.12518279567348,6.509593429085195,1.446407740458822,-3.6908362757284814
37,537930.581,0.24712303102625302,0.24712303102625302,0.276553031026253,0.0009368960748414447,0.0009368960748414447,0.0027694917894354903,1.30338186305695,1.12518279567348,1.12518279567348,7.310328808944652,1.511012161491207,-3.8735727972887553
38,537994.368,0.24712303102625302,0.24712303102625302,0.276553031026253,0.0009368960748414447,0.0009368960748414447,0.0027694917894354903,1.30338186305695,1.12518279567348,1.12518279567348,8.163693280266225,1.521106438691967,-4.1613912287882275
39,538029.866,0.24712303102625302,0.24712303102625302,0.276553031026253,0.0009368960748414447,0.0009368960748414447,0.0027694917894354903,1.30338186305695,1.12518279567348,1.12518279567348,9.009232067050629,1.5359891764151299,-4.472825058103826
40,538075.208,0.24712303102625302,0.24712303102625302,0.276553031026253,0.0009368960748414447,0.0009368960748414447,0.0027694917894354903,1.30338186305695,1.12518279567348,1.12518279567348,9.882904938565142,1.6083468685342022,-4.714448204826507
41,538129.156,0.24712303102625302,0.24712303102625302,0.276553031026253,0.0009368960748414447,0.0009368960748414447,0.0027694917894354903,1.30338186305695,1.12518279567348,1.12518279567348,10.750183807957836,1.6818927075376946,-4.948203578390904
42,538153.993,0.24712303102625302,0.24712303102625302,0.276553031026253,0.0009368960748414447,0.0009368960748414447,0.0027694917894354903,1.30338186305695,1.12518279567348,1.12518279567348,11.832853782444484,1.9033372455349926,-5.169262272142015
43,538226.387,0.24712303102625302,0.24712303102625302,0.276553031026253,0.0009368960748414447,0.0009368960748414447,0.0027694917894354903,1.30338186305695,1.12518279567348,1.12518279567348,12.908977067629172,2.1210389244425922,-5.3505419569198756
44,538234.814,0.24712303102625302,0.24712303102625302,0.276553031026253,0.0009368960748414447,0.0009368960748414447,0.0027694917894354903,1.30338186305695,1.12518279567348,1.12518279567348,14.54723385002204,2.5389689690736725,-5.528218247230845
45,538313.367,0.24712303102625302,0.24712303102625302,0.276553031026253,0.0009368960748414447,0.0009368960748414447,0.0027694917894354903,1.30338186305695,1.12518279567348,1.12518279567348,16.365503205621316,2.9788020624259923,-5.790888355984523
46,538326.313,0.24712303102625302,0.24712303102625302,0.276553031026253,0.0009368960748414447,0.0009368960748414447,0.0027694917894354903,1.30338186305695,1.12518279567348,1.12518279567348,18.172207615707887,3.4173636080196523,-6.018064805057854
47,538394.207,0.24712303102625302,0.24712303102625302,0.276553031026253,0.0009368960748414447,0.0009368960748414447,0.0027694917894354903,1.30338186305695,1.12518279567348,1.12518279567348,19.871406895229736,3.729196757215129,-6.345316451574832
48,538425.603,0.24712303102625302,0.24712303102625302,0.276553031026253,0.0009368960748414447,0.0009368960748414447,0.0027694917894354903,1.30338186305695,1.12518279567348,1.12518279567348,21.559299967787773,4.0460288580366015,-6.664769012222649
49,538472.989,0.24712303102625302,0.24712303102625302,0.276553031026253,0.0009368960748414447,0.0009368960748414447,0.0027694917894354903,1.30338186305695,1.12518279567348,1.12518279567348,22.764076026112974,4.182322679778121,-6.8614877100006755
50,538524.884,0.24712303102625302,0.24712303102625302,0.276553031026253,0.0009368960748414447,0.0009368960748414447,0.0027694917894354903,1.30338186305695,1.12518279567348,1.12518279567348,23.96360530176875,4.3199918620572655,-7.050896919410806
51,538551.771,0.24712303102625302,0.24712303102625302,0.276553031026253,0.0009368960748414447,0.0009368960748414447,0.0027694917894354903,1.30338186305695,1.12518279567348,1.12518279567348,25.602443390805504,4.609352613918475,-7.119252227435538
52,538624.168,0.24712303102625302,0.24712303102625302,0.276553031026253,0.0009368960748414447,0.0009368960748414447,0.0027694917894354903,1.30338186305695,1.12518279567348,1.12518279567348,27.235686850455526,4.894553763540955,-7.168143386347119
53,538632.595,0.24712303102625302,0.24712303102625302,0.276553031026253,0.0009368960748414447,0.0009368960748414447,0.0027694917894354903,1.30338186305695,1.12518279567348,1.12518279567348,29.126555287775588,5.154267286280296,-7.24290763101143
54,538711.153,0.24712303102625302,0.24712303102625302,0.276553031026253,0.0009368960748414447,0.0009368960748414447,0.0027694917894354903,1.30338186305695,1.12518279567348,1.12518279567348,31.170129953085883,5.458779639683278,-7.302412501327958
55,538722.046,0.24712303102625302,0.24712303102625302,0.276553031026253,0.0009368960748414447,0.0009368960748414447,0.0027694917894354903,1.30338186305695,1.12518279567348,1.12518279567348,33.21091725722722,5.761113981447979,-7.347459226706722
56,538791.982,0.24712303102625302,0.24712303102625302,0.276553031026253,0.0009368960748414447,0.0009368960748414447,0.0027694917894354903,1.30338186305695,1.12518279567348,1.12518279567348,34.99002370322344,6.018814197588462,-7.425370874842485
57,538821.326,0.24712303102625302,0.24712303102625302,0.276553031026253,0.0009368960748414447,0.0009368960748414447,0.0027694917894354903,1.30338186305695,1.12518279567348,1.12518279567348,36.76788231304668,6.27521108080118,-7.491630622358694
58,538870.765,0.24712303102625302,0.24712303102625302,0.276553031026253,0.0009368960748414447,0.0009368960748414447,0.0027694917894354903,1.30338186305695,1.12518279567348,1.12518279567348,37.96584835983897,6.389398379573992,-7.669837558567073
59,538920.614,0.24712303102625302,0.24712303102625302,0.276553031026253,0.0009368960748414447,0.0009368960748414447,0.0027694917894354903,1.30338186305695,1.12518279567348,1.12518279567348,39.16610952921179,6.505727024011677,-7.8425896121324925
60,538949.543,0.24712303102625302,0.24712303102625302,0.276553031026253,0.0009368960748414447,0.0009368960748414447,0.0027694917894354903,1.30338186305695,1.12518279567348,1.12518279567348,40.30322166706318,6.742184237849927,-7.9718309744323745
61,539019.902,0.24712303102625302,0.24712303102625302,0.276553031026253,0.0009368960748414447,0.0009368960748414447,0.0027694917894354903,1.30338186305695,1.12518279567348,1.12518279567348,41.442225260679976,6.976807522375868,-8.090398581630248
62,539030.379,0.24712303102625302,0.24712303102625302,0.276553031026253,0.0009368960748414447,0.0009368960748414447,0.0027694917894354903,1.30338186305695,1.12518279567348,1.12518279567348,42.899927769492464,7.180950253887003,-8.224786257105828
63,539108.934,0.24712303102625302,0.24712303102625302,0.276553031026253,0.0009368960748414447,0.0009368960748414447,0.0027694917894354903,1.30338186305695,1.12518279567348,1.12518279567348,44.33475840761989,7.323758212501196,-8.259155055907879
64,539117.778,0.24712303102625302,0.24712303102625302,0.276553031026253,0.0009368960748414447,0.0009368960748414447,0.0027694917894354903,1.30338186305695,1.12518279567348,1.12518279567348,45.773029779872594,7.466450069349136,-8.288902417100335
65,539189.768,0.24712303102625302,0.24712303102625302,0.276553031026253,0.0009368960748414447,0.0009368960748414447,0.0027694917894354903,1.30338186305695,1.12518279567348,1.12518279567348,47.479682235765765,7.575286210898413,-8.069103788649118
66,539217.063,0.24712303102625302,0.24712303102625302,0.276553031026253,0.0009368960748414447,0.0009368960748414447,0.0027694917894354903,1.30338186305695,1.12518279567348,1.12518279567348,49.19237563572394,7.675824294080916,-7.84077702094694
67,539268.552,0.24712303102625302,0.24712303102625302,0.276553031026253,0.0009368960748414447,0.0009368960748414447,0.0027694917894354903,1.30338186305695,1.12518279567348,1.12518279567348,50.74343230092225,7.600490074541701,-7.565917156783533
68,539316.351,0.24712303102625302,0.24712303102625302,0.276553031026253,0.0009368960748414447,0.0009368960748414447,0.0027694917894354903,1.30338186305695,1.12518279567348,1.12518279567348,52.29932935550809,7.517881136666484,-7.2889783545351055
69,539349.379,0.24712303102625302,0.24712303102625302,0.276553031026253,0.0009368960748414447,0.0009368960748414447,0.0027694917894354903,1.30338186305695,1.12518279567348,1.12518279567348,53.97413241946242,7.3226953940302275,-7.145027006825544
70,539415.634,0.24712303102625302,0.24712303102625302,0.276553031026253,0.0009368960748414447,0.0009368960748414447,0.0027694917894354903,1.30338186305695,1.12518279567348,1.12518279567348,55.655343847730414,7.127787654864363,-7.008548230582718
71,539428.162,0.24712303102625302,0.24712303102625302,0.276553031026253,0.0009368960748414447,0.0009368960748414447,0.0027694917894354903,1.30338186305695,1.12518279567348,1.12518279567348,56.88063555927923,6.800487968754396,-7.106514791071005
72,539506.717,0.24712303102625302,0.24712303102625302,0.276553031026253,0.0009368960748414447,0.0009368960748414447,0.0027694917894354903,1.30338186305695,1.12518279567348,1.12518279567348,58.090682047093274,6.597733340189613,-7.387401948805487
73,539509.092,0.24712303102625302,0.24712303102625302,0.276553031026253,0.0009368960748414447,0.0009368960748414447,0.0027694917894354903,1.30338186305695,1.12518279567348,1.12518279567348,59.3357016037299,6.4054376567721425,-7.662312488050243
74,539513.521,0.24712303102625302,0.24712303102625302,0.276553031026253,0.0009368960748414447,0.0009368960748414447,0.0027694917894354903,1.30338186305695,1.12518279567348,1.12518279567348,60.587073548251745,6.224000146055268,-7.947635743884553
75,539587.564,0.24712303102625302,0.24712303102625302,0.276553031026253,0.0009368960748414447,0.0009368960748414447,0.0027694917894354903,1.30338186305695,1.12518279567348,1.12518279567348,61.6569955039291,6.126300260124943,-8.288854762678385
76,539612.809,0.24712303102625302,0.24712303102625302,0.276553031026253,0.0009368960748414447,0.0009368960748414447,0.0027694917894354903,1.30338186305695,1.12518279567348,1.12518279567348,62.7340326294018,6.036988229427711,-8.63558941959908
77,539666.337,0.24712303102625302,0.24712303102625302,0.276553031026253,0.0009368960748414447,0.0009368960748414447,0.0027694917894354903,1.30338186305695,1.12518279567348,1.12518279567348,63.435368296560036,6.086521356752995,-9.02742215341087
78,539712.081,0.24712303102625302,0.24712303102625302,0.276553031026253,0.0009368960748414447,0.0009368960748414447,0.0027694917894354903,1.30338186305695,1.12518279567348,1.12518279567348,64.14188354977584,6.139851067510792,-9.420511638318741
79,539747.163,0.24712303102625302,0.24712303102625302,0.276553031026253,0.0009368960748414447,0.0009368960748414447,0.0027694917894354903,1.30338186305695,1.12518279567348,1.12518279567348,65.08780507346138,6.208430231476885,-9.79204730090057
80,539811.367,0.24712303102625302,0.24712303102625302,0.276553031026253,0.0009368960748414447,0.0009368960748414447,0.0027694917894354903,1.30338186305695,1.12518279567348,1.12518279567348,66.03949984053115,6.283398645927815,-10.165645586886296
81,539825.944,0.24712303102625302,0.24712303102625302,0.276553031026253,0.0009368960748414447,0.0009368960748414447,0.0027694917894354903,1.30338186305695,1.12518279567348,1.12518279567348,67.23940889525947,6.212367723064915,-10.466282528184497
82,539906.552,0.24712303102625302,0.24712303102625302,0.276553031026253,0.0009368960748414447,0.0009368960748414447,0.0027694917894354903,1.30338186305695,1.12518279567348,1.12518279567348,68.23592647119436,5.966971463553391,-10.608574917384667
83,539909.246,0.24712303102625302,0.24712303102625302,0.276553031026253,0.0009368960748414447,0.0009368960748414447,0.0027694917894354903,1.30338186305695,1.12518279567348,1.12518279567348,69.23882379541949,5.723585572040398,-10.755305449998346
84,539985.335,0.24712303102625302,0.24712303102625302,0.276553031026253,0.0009368960748414447,0.0009368960748414447,0.0027694917894354903,1.30338186305695,1.12518279567348,1.12518279567348,70.41677707432943,5.212092642844202,-10.767902744369849
85,540008.528,0.24712303102625302,0.24712303102625302,0.276553031026253,0.0009368960748414447,0.0009368960748414447,0.0027694917894354903,1.30338186305695,1.12518279567348,1.12518279567348,71.60021579228355,4.701740927586325,-10.79119359509449
86,540064.111,0.24712303102625302,0.24712303102625302,0.276553031026253,0.0009368960748414447,0.0009368960748414447,0.0027694917894354903,1.30338186305695,1.12518279567348,1.12518279567348,72.62363830639873,4.110091492137085,-10.822123613366015
87,540107.817,0.24712303102625302,0.24712303102625302,0.276553031026253,0.0009368960748414447,0.0009368960748414447,0.0027694917894354903,1.30338186305695,1.12518279567348,1.12518279567348,73.6535436596124,3.5186349390728657,-10.86207207368258
88,540144.947,0.24712303102625302,0.24712303102625302,0.276553031026253,0.0009368960748414447,0.0009368960748414447,0.0027694917894354903,1.30338186305695,1.12518279567348,1.12518279567348,74.1464302638816,3.2741212443757344,-11.054116575908019
89,540207.108,0.24712303102625302,0.24712303102625302,0.276553031026253,0.0009368960748414447,0.0009368960748414447,0.0027694917894354903,1.30338186305695,1.12518279567348,1.12518279567348,74.64313668267452,3.0290344804315232,-11.24815390694994
90,540223.735,0.24712303102625302,0.24712303102625302,0.276553031026253,0.0009368960748414447,0.0009368960748414447,0.0027694917894354903,1.30338186305695,1.12518279567348,1.12518279567348,74.75395511843102,2.926567225710306,-11.554287803138504
91,540304.339,0.24712303102625302,0.24712303102625302,0.276553031026253,0.0009368960748414447,0.0009368960748414447,0.0027694917894354903,1.30338186305695,1.12518279567348,1.12518279567348,74.89818916485603,2.7949021869234443,-11.74426787075837
92,540383.119,0.24712303102625302,0.24712303102625302,0.276553031026253,0.0009368960748414447,0.0009368960748414447,0.0027694917894354903,1.30338186305695,1.12518279567348,1.12518279567348,75.01812352118357,2.541338582080314,-12.045193564088173
93,540404.265,0.24712303102625302,0.24712303102625302,0.276553031026253,0.0009368960748414447,0.0009368960748414447,0.0027694917894354903,1.30338186305695,1.12518279567348,1.12518279567348,75.1395247889646,2.286315249718443,-12.347843361604582
94,540461.9,0.24712303102625302,0.24712303102625302,0.276553031026253,0.0009368960748414447,0.0009368960748414447,0.0027694917894354903,1.30338186305695,1.12518279567348,1.12518279567348,75.16610489952791,2.1612442147504134,-12.545777275727145
95,540503.555,0.24712303102625302,0.24712303102625302,0.276553031026253,0.0009368960748414447,0.0009368960748414447,0.0027694917894354903,1.30338186305695,1.12518279567348,1.12518279567348,75.19304808462198,2.0330508533965475,-12.743986577823433
96,540542.733,0.24712303102625302,0.24712303102625302,0.276553031026253,0.0009368960748414447,0.0009368960748414447,0.0027694917894354903,1.30338186305695,1.12518279567348,1.12518279567348,75.16054647762626,1.9329394168323444,-13.018340729172474
97,540602.837,0.24712303102625302,0.24712303102625302,0.276553031026253,0.0009368960748414447,0.0009368960748414447,0.0027694917894354903,1.30338186305695,1.12518279567348,1.12518279567348,75.12756469373915,1.8304320230175384,-13.294341910023281
98,540621.516,0.24712303102625302,0.24712303102625302,0.276553031026253,0.0009368960748414447,0.0009368960748414447,0.0027694917894354903,1.30338186305695,1.12518279567348,1.12518279567348,75.15822346523167,1.708744343586016,-13.488143527477963
99,540702.123,0.24712303102625302,0.24712303102625302,0.276553031026253,0.0009368960748414447,0.0009368960748414447,0.0027694917894354903,1.30338186305695,1.12518279567348,1.12518279567348,75.08109429541888,1.6570724920560487,-13.608107765380302
100,540780.888,0.24712303102625302,0.24712303102625302,0.276553031026253,0.0009368960748414447,0.0009368960748414447,0.0027694917894354903,1.30338186305695,1.12518279567348,1.12518279567348,74.99655210874236,1.5525042553484085,-13.705130446687019
101,540799.992,0.24712303102625302,0.24712303102625302,0.276553031026253,0.0009368960748414447,0.0009368960748414447,0.0027694917894354903,1.30338186305695,1.12518279567348,1.12518279567348,74.91111724175815,1.4451767229590007,-13.80224366918083
102,540861.72,0.24712303102625302,0.24712303102625302,0.276553031026253,0.0009368960748414447,0.0009368960748414447,0.0027694917894354903,1.30338186305695,1.12518279567348,1.12518279567348,74.77977667141836,1.2973023097113976,-13.89707198900632
103,540899.276,0.24712303102625302,0.24712303102625302,0.276553031026253,0.0009368960748414447,0.0009368960748414447,0.0027694917894354903,1.30338186305695,1.12518279567348,1.12518279567348,74.64758629402009,1.1469791326125371,-13.991370304210019
104,540940.507,0.24712303102625302,0.24712303102625302,0.276553031026253,0.0009368960748414447,0.0009368960748414447,0.0027694917894354903,1.30338186305695,1.12518279567348,1.12518279567348,74.47826179774981,1.0582190644939813,-14.07190266263644
105,540998.565,0.24712303102625302,0.24712303102625302,0.276553031026253,0.0009368960748414447,0.0009368960748414447,0.0027694917894354903,1.30338186305695,1.12518279567348,1.12518279567348,74.30742049365398,0.967192562730538,-14.152568776283779
106,541019.293,0.24712303102625302,0.24712303102625302,0.276553031026253,0.0009368960748414447,0.0009368960748414447,0.0027694917894354903,1.30338186305695,1.12518279567348,1.12518279567348,74.18564488294759,0.8641663443212914,-14.270882869001547
107,541097.846,0.24712303102625302,0.24712303102625302,0.276553031026253,0.0009368960748414447,0.0009368960748414447,0.0027694917894354903,1.30338186305695,1.12518279567348,1.12518279567348,74.06265967098143,0.7600491447097708,-14.389916728904302
108,541100.121,0.24712303102625302,0.24712303102625302,0.276553031026253,0.0009368960748414447,0.0009368960748414447,0.0027694917894354903,1.30338186305695,1.12518279567348,1.12518279567348,73.95094315066417,0.632719019816102,-14.487933754765107
109,541178.668,0.24712303102625302,0.24712303102625302,0.276553031026253,0.0009368960748414447,0.0009368960748414447,0.0027694917894354903,1.30338186305695,1.12518279567348,1.12518279567348,73.7847533158491,0.488775181119191,-14.64861124995637
110,541195.72,0.24712303102625302,0.24712303102625302,0.276553031026253,0.0009368960748414447,0.0009368960748414447,0.0027694917894354903,1.30338186305695,1.12518279567348,1.12518279567348,73.61714575413444,0.3439746210073538,-14.810157383592225
111,541259.506,0.24712303102625302,0.24712303102625302,0.276553031026253,0.0009368960748414447,0.0009368960748414447,0.0027694917894354903,1.30338186305695,1.12518279567348,1.12518279567348,73.43436327652512,0.20775075395031495,-14.953901513373236
112,541295.01,0.24712303102625302,0.24712303102625302,0.276553031026253,0.0009368960748414447,0.0009368960748414447,0.0027694917894354903,1.30338186305695,1.12518279567348,1.12518279567348,73.25005193969837,0.07064944759887844,-15.098344309249908
113,541338.288,0.24712303102625302,0.24712303102625302,0.276553031026253,0.0009368960748414447,0.0009368960748414447,0.0027694917894354903,1.30338186305695,1.12518279567348,1.12518279567348,73.10001838484402,-0.03706488013564849,-15.208462819352379
114,541394.29,0.24712303102625302,0.24712303102625302,0.276553031026253,0.0009368960748414447,0.0009368960748414447,0.0027694917894354903,1.30338186305695,1.12518279567348,1.12518279567348,72.94878223855359,-0.14518963330929813,-15.319055335902267
115,541417.069,0.24712303102625302,0.24712303102625302,0.276553031026253,0.0009368960748414447,0.0009368960748414447,0.0027694917894354903,1.30338186305695,1.12518279567348,1.12518279567348,72.75706733746387,-0.1905388869000383,-15.450865422753047
116,541493.567,0.24712303102625302,0.24712303102625302,0.276553031026253,0.0009368960748414447,0.0009368960748414447,0.0027694917894354903,1.30338186305695,1.12518279567348,1.12518279567348,72.56372668766059,-0.23686219373902612,-15.583627526022553
117,541497.894,0.24712303102625302,0.24712303102625302,0.276553031026253,0.0009368960748414447,0.0009368960748414447,0.0027694917894354903,1.30338186305695,1.12518279567348,1.12518279567348,72.34703033071669,-0.3225844497668066,-15.748079437913443
118,541576.439,0.24712303102625302,0.24712303102625302,0.276553031026253,0.0009368960748414447,0.0009368960748414447,0.0027694917894354903,1.30338186305695,1.12518279567348,1.12518279567348,72.10978250240008,-0.42184743821583415,-15.881472090582434
119,541591.433,0.24712303102625302,0.24712303102625302,0.276553031026253,0.0009368960748414447,0.0009368960748414447,0.0027694917894354903,1.30338186305695,1.12518279567348,1.12518279567348,71.87048807266497,-0.5224062865652384,-16.015632299970015
120,541657.268,0.24712303102625302,0.24712303102625302,0.276553031026253,0.0009368960748414447,0.0009368960748414447,0.0027694917894354903,1.30338186305695,1.12518279567348,1.12518279567348,71.56631506161834,-0.6526302457715178,-16.04042709568794
121,541690.715,0.24712303102625302,0.24712303102625302,0.276553031026253,0.0009368960748414447,0.0009368960748414447,0.0027694917894354903,1.30338186305695,1.12518279567348,1.12518279567348,71.25979930469934,-0.7848301847077602,-16.064215371695507
122,541736.055,0.24712303102625302,0.24712303102625302,0.276553031026253,0.0009368960748414447,0.0009368960748414447,0.0027694917894354903,1.30338186305695,1.12518279567348,1.12518279567348,70.80577926609155,-0.9054412399314213,-16.1179616347167
123,541790.003,0.24712303102625302,0.24712303102625302,0.276553031026253,0.0009368960748414447,0.0009368960748414447,0.0027694917894354903,1.30338186305695,1.12518279567348,1.12518279567348,70.34839833996193,-1.0294555027077803,-16.170646843241578
124,541814.837,0.24712303102625302,0.24712303102625302,0.276553031026253,0.0009368960748414447,0.0009368960748414447,0.0027694917894354903,1.30338186305695,1.12518279567348,1.12518279567348,69.50593829873337,-1.2587677260702024,-16.219151117921466
125,541889.284,0.24712303102625302,0.24712303102625302,0.276553031026253,0.0009368960748414447,0.0009368960748414447,0.0027694917894354903,1.30338186305695,1.12518279567348,1.12518279567348,68.65714331949053,-1.4956503018182368,-16.263725804984315
126,541895.662,0.24712303102625302,0.24712303102625302,0.276553031026253,0.0009368960748414447,0.0009368960748414447,0.0027694917894354903,1.30338186305695,1.12518279567348,1.12518279567348,67.5218826148711,-1.8741038966817107,-16.344297907084922
127,541974.217,0.24712303102625302,0.24712303102625302,0.276553031026253,0.0009368960748414447,0.0009368960748414447,0.0027694917894354903,1.30338186305695,1.12518279567348,1.12518279567348,66.22421102279833,-2.255386857454365,-16.54337761460324
128,541987.162,0.24712303102625302,0.24712303102625302,0.276553031026253,0.0009368960748414447,0.0009368960748414447,0.0027694917894354903,1.30338186305695,1.12518279567348,1.12518279567348,64.91876997285947,-2.646812824359193,-16.73422282298118
129,542055.052,0.24712303102625302,0.24712303102625302,0.276553031026253,0.0009368960748414447,0.0009368960748414447,0.0027694917894354903,1.30338186305695,1.12518279567348,1.12518279567348,63.65147509905564,-2.985781461745087,-16.920474082221887
130,542086.449,0.24712303102625302,0.24712303102625302,0.276553031026253,0.0009368960748414447,0.0009368960748414447,0.0027694917894354903,1.30338186305695,1.12518279567348,1.12518279567348,62.37700158820013,-3.332361070552934,-17.099907981270736
131,542133.835,0.24712303102625302,0.24712303102625302,0.276553031026253,0.0009368960748414447,0.0009368960748414447,0.0027694917894354903,1.30338186305695,1.12518279567348,1.12518279567348,61.36311071185194,-3.508438450898725,-17.191739948908904
132,542185.73,0.24712303102625302,0.24712303102625302,0.276553031026253,0.0009368960748414447,0.0009368960748414447,0.0027694917894354903,1.30338186305695,1.12518279567348,1.12518279567348,60.34293769219945,-3.688694037085887,-17.28084193315268
133,542212.619,0.24712303102625302,0.24712303102625302,0.276553031026253,0.0009368960748414447,0.0009368960748414447,0.0027694917894354903,1.30338186305695,1.12518279567348,1.12518279567348,58.983345107876694,-3.8977402389656772,-17.361037836255374
134,542214.994,0.24712303102625302,0.24712303102625302,0.276553031026253,0.0009368960748414447,0.0009368960748414447,0.0027694917894354903,1.30338186305695,1.12518279567348,1.12518279567348,57.586337037727105,-4.117910750727682,-17.439817690959963
135,542285.021,0.24712303102625302,0.24712303102625302,0.276553031026253,0.0009368960748414447,0.0009368960748414447,0.0027694917894354903,1.30338186305695,1.12518279567348,1.12518279567348,56.1824124466275,-4.344265097591735,-17.512420387600613
136,542293.447,0.24712303102625302,0.24712303102625302,0.276553031026253,0.0009368960748414447,0.0009368960748414447,0.0027694917894354903,1.30338186305695,1.12518279567348,1.12518279567348,54.43839282302407,-4.427439426650195,-17.476222552479253
137,542372.003,0.24712303102625302,0.24712303102625302,0.276553031026253,0.0009368960748414447,0.0009368960748414447,0.0027694917894354903,1.30338186305695,1.12518279567348,1.12518279567348,52.63337424419819,-4.585102573971857,-17.23022140897736
138,542382.897,0.24712303102625302,0.24712303102625302,0.276553031026253,0.0009368960748414447,0.0009368960748414447,0.0027694917894354903,1.30338186305695,1.12518279567348,1.12518279567348,50.817913548449646,-4.746533165617194,-16.973812335691534
139,542452.834,0.24712303102625302,0.24712303102625302,0.276553031026253,0.0009368960748414447,0.0009368960748414447,0.0027694917894354903,1.30338186305695,1.12518279567348,1.12518279567348,48.96175448831765,-5.0898343447894945,-16.741026930858478
140,542482.178,0.24712303102625302,0.24712303102625302,0.276553031026253,0.0009368960748414447,0.0009368960748414447,0.0027694917894354903,1.30338186305695,1.12518279567348,1.12518279567348,47.09513025907116,-5.428132671613638,-16.49486061559093
141,542531.619,0.24712303102625302,0.24712303102625302,0.276553031026253,0.0009368960748414447,0.0009368960748414447,0.0027694917894354903,1.30338186305695,1.12518279567348,1.12518279567348,45.52386112842687,-5.73059145590118,-16.51073532726095
142,542581.466,0.24712303102625302,0.24712303102625302,0.276553031026253,0.0009368960748414447,0.0009368960748414447,0.0027694917894354903,1.30338186305695,1.12518279567348,1.12518279567348,43.94710595670146,-6.02757631216228,-16.521787774115072
143,542612.454,0.24712303102625302,0.24712303102625302,0.276553031026253,0.0009368960748414447,0.0009368960748414447,0.0027694917894354903,1.30338186305695,1.12518279567348,1.12518279567348,42.276615017700266,-6.3099037607126505,-16.529435507528937
144,542680.757,0.24712303102625302,0.24712303102625302,0.276553031026253,0.0009368960748414447,0.0009368960748414447,0.0027694917894354903,1.30338186305695,1.12518279567348,1.12518279567348,40.60344866374451,-6.586611739207905,-16.53170962468665
145,542691.234,0.24712303102625302,0.24712303102625302,0.276553031026253,0.0009368960748414447,0.0009368960748414447,0.0027694917894354903,1.30338186305695,1.12518279567348,1.12518279567348,38.8508879561708,-6.708636008471601,-16.49924022976884
146,542769.786,0.24712303102625302,0.24712303102625302,0.276553031026253,0.0009368960748414447,0.0009368960748414447,0.0027694917894354903,1.30338186305695,1.12518279567348,1.12518279567348,36.91432726006261,-6.8227811241992455,-16.448367708823103
147,542778.63,0.24712303102625302,0.24712303102625302,0.276553031026253,0.0009368960748414447,0.0009368960748414447,0.0027694917894354903,1.30338186305695,1.12518279567348,1.12518279567348,34.974075572830074,-6.937783948577874,-16.3919777381345
148,542850.621,0.24712303102625302,0.24712303102625302,0.276553031026253,0.0009368960748414447,0.0009368960748414447,0.0027694917894354903,1.30338186305695,1.12518279567348,1.12518279567348,32.70801226456515,-7.1211066547167245,-16.319187019375217
149,542877.916,0.24712303102625302,0.24712303102625302,0.276553031026253,0.0009368960748414447,0.0009368960748414447,0.0027694917894354903,1.30338186305695,1.12518279567348,1.12518279567348,30.44119363912374,-7.301801440186115,-16.238384469242664
150,542929.405,0.24712303102625302,0.24712303102625302,0.276553031026253,0.0009368960748414447,0.0009368960748414447,0.0027694917894354903,1.30338186305695,1.12518279567348,1.12518279567348,28.64872791546925,-7.373884903588031,-16.129100394685143
151,542977.205,0.24712303102625302,0.24712303102625302,0.276553031026253,0.0009368960748414447,0.0009368960748414447,0.0027694917894354903,1.30338186305695,1.12518279567348,1.12518279567348,26.85786299886099,-7.441858987651728,-16.01687965265707
152,543008.183,0.24712303102625302,0.24712303102625302,0.276553031026253,0.0009368960748414447,0.0009368960748414447,0.0027694917894354903,1.30338186305695,1.12518279567348,1.12518279567348,24.86979100695038,-7.476231842992162,-15.977947153407865
153,543010.558,0.24712303102625302,0.24712303102625302,0.276553031026253,0.0009368960748414447,0.0009368960748414447,0.0027694917894354903,1.30338186305695,1.12518279567348,1.12518279567348,22.909821918899397,-7.486593889153269,-15.943778559760526
154,543074.45,0.24712303102625302,0.24712303102625302,0.276553031026253,0.0009368960748414447,0.0009368960748414447,0.0027694917894354903,1.30338186305695,1.12518279567348,1.12518279567348,20.952546998765385,-7.496884845780557,-15.908399403607946
155,543089.027,0.24712303102625302,0.24712303102625302,0.276553031026253,0.0009368960748414447,0.0009368960748414447,0.0027694917894354903,1.30338186305695,1.12518279567348,1.12518279567348,18.785415584590094,-7.560405322962129,-15.698312617571265
156,543167.58,0.24712303102625302,0.24712303102625302,0.276553031026253,0.0009368960748414447,0.0009368960748414447,0.0027694917894354903,1.30338186305695,1.12518279567348,1.12518279567348,16.997616617450937,-7.518043543854788,-15.612387565048852
157,543174.374,0.24712303102625302,0.24712303102625302,0.276553031026253,0.0009368960748414447,0.0009368960748414447,0.0027694917894354903,1.30338186305695,1.12518279567348,1.12518279567348,15.215769072407845,-7.473477005363244,-15.526876069531033
158,543248.416,0.24712303102625302,0.24712303102625302,0.276553031026253,0.0009368960748414447,0.0009368960748414447,0.0027694917894354903,1.30338186305695,1.12518279567348,1.12518279567348,13.1848628984817,-7.406770016617333,-15.313274423288632
159,543273.664,0.24712303102625302,0.24712303102625302,0.276553031026253,0.0009368960748414447,0.0009368960748414447,0.0027694917894354903,1.30338186305695,1.12518279567348,1.12518279567348,11.162211976780139,-7.333377540428826,-15.100120249834625
160,543327.203,0.24712303102625302,0.24712303102625302,0.276553031026253,0.0009368960748414447,0.0009368960748414447,0.0027694917894354903,1.30338186305695,1.12518279567348,1.12518279567348,8.981448289981921,-7.127917495699651,-14.711161498112036
161,543372.95,0.24712303102625302,0.24712303102625302,0.276553031026253,0.0009368960748414447,0.0009368960748414447,0.0027694917894354903,1.30338186305695,1.12518279567348,1.12518279567348,6.812895645839015,-6.909659392390246,-14.326074661419172
162,543408.027,0.24712303102625302,0.24712303102625302,0.276553031026253,0.0009368960748414447,0.0009368960748414447,0.0027694917894354903,1.30338186305695,1.12518279567348,1.12518279567348,5.05026381128175,-6.802656740402055,-14.141790112112744
163,543472.23,0.24712303102625302,0.24712303102625302,0.276553031026253,0.0009368960748414447,0.0009368960748414447,0.0027694917894354903,1.30338186305695,1.12518279567348,1.12518279567348,3.2969020882926166,-6.68945641728782,-13.962073222303811
164,543486.808,0.24712303102625302,0.24712303102625302,0.276553031026253,0.0009368960748414447,0.0009368960748414447,0.0027694917894354903,1.30338186305695,1.12518279567348,1.12518279567348,1.458860835596235,-6.796213999434965,-14.060586452551842
165,543565.367,0.24712303102625302,0.24712303102625302,0.276553031026253,0.0009368960748414447,0.0009368960748414447,0.0027694917894354903,1.30338186305695,1.12518279567348,1.12518279567348,-0.39774761748437887,-6.967976968641219,-14.103266097315792
166,543567.742,0.24712303102625302,0.24712303102625302,0.276553031026253,0.0009368960748414447,0.0009368960748414447,0.0027694917894354903,1.30338186305695,1.12518279567348,1.12518279567348,-2.221771358605256,-7.121142490123631,-14.15967587417519
167,543570.119,0.24712303102625302,0.24712303102625302,0.276553031026253,0.0009368960748414447,0.0009368960748414447,0.0027694917894354903,1.30338186305695,1.12518279567348,1.12518279567348,-4.033083325998163,-7.274030191451971,-14.215743324938204
168,543646.216,0.24712303102625302,0.24712303102625302,0.276553031026253,0.0009368960748414447,0.0009368960748414447,0.0027694917894354903,1.30338186305695,1.12518279567348,1.12518279567348,-6.717457411843213,-7.272789390631621,-13.948919630575553
169,543669.411,0.24712303102625302,0.24712303102625302,0.276553031026253,0.0009368960748414447,0.0009368960748414447,0.0027694917894354903,1.30338186305695,1.12518279567348,1.12518279567348,-9.379993327828673,-7.258393374183571,-13.683448396930183
170,543724.988,0.24712303102625302,0.24712303102625302,0.276553031026253,0.0009368960748414447,0.0009368960748414447,0.0027694917894354903,1.30338186305695,1.12518279567348,1.12518279567348,-11.726112629476843,-7.066937854272208,-13.485255595136902
171,543768.696,0.24712303102625302,0.24712303102625302,0.276553031026253,0.0009368960748414447,0.0009368960748414447,0.0027694917894354903,1.30338186305695,1.12518279567348,1.12518279567348,-14.052192801469769,-6.868816133343215,-13.293796682454062
172,543805.824,0.24712303102625302,0.24712303102625302,0.276553031026253,0.0009368960748414447,0.0009368960748414447,0.0027694917894354903,1.30338186305695,1.12518279567348,1.12518279567348,-15.857141070768774,-6.773432890716213,-13.233401223933459
173,543867.977,0.24712303102625302,0.24712303102625302,0.276553031026253,0.0009368960748414447,0.0009368960748414447,0.0027694917894354903,1.30338186305695,1.12518279567348,1.12518279567348,-17.646899421998675,-6.6768720732558196,-13.176263815532256
174,543884.605,0.24712303102625302,0.24712303102625302,0.276553031026253,0.0009368960748414447,0.0009368960748414447,0.0027694917894354903,1.30338186305695,1.12518279567348,1.12518279567348,-19.038270151146822,-6.647945033804356,-13.228069614565536
175,543965.213,0.24712303102625302,0.24712303102625302,0.276553031026253,0.0009368960748414447,0.0009368960748414447,0.0027694917894354903,1.30338186305695,1.12518279567348,1.12518279567348,-20.025006792108414,-6.801324911422849,-13.480150150895033
176,544043.987,0.24712303102625302,0.24712303102625302,0.276553031026253,0.0009368960748414447,0.0009368960748414447,0.0027694917894354903,1.30338186305695,1.12518279567348,1.12518279567348,-21.11616873981593,-6.887845324554559,-13.56422256005228
177,544065.132,0.24712303102625302,0.24712303102625302,0.276553031026253,0.0009368960748414447,0.0009368960748414447,0.0027694917894354903,1.30338186305695,1.12518279567348,1.12518279567348,-22.1980707838276,-6.975601275296849,-13.647127903996745
178,544122.765,0.24712303102625302,0.24712303102625302,0.276553031026253,0.0009368960748414447,0.0009368960748414447,0.0027694917894354903,1.30338186305695,1.12518279567348,1.12518279567348,-24.238017727326163,-7.012138057860314,-13.561718352561478
179,544164.419,0.24712303102625302,0.24712303102625302,0.276553031026253,0.0009368960748414447,0.0009368960748414447,0.0027694917894354903,1.30338186305695,1.12518279567348,1.12518279567348,-26.260957188103006,-7.045407865320252,-13.475812635082713
180,544203.599,0.24712303102625302,0.24712303102625302,0.276553031026253,0.0009368960748414447,0.0009368960748414447,0.0027694917894354903,1.30338186305695,1.12518279567348,1.12518279567348,-28.179059414331753,-7.22101474103106,-13.546487803197259
181,544263.707,0.24712303102625302,0.24712303102625302,0.276553031026253,0.0009368960748414447,0.0009368960748414447,0.0027694917894354903,1.30338186305695,1.12518279567348,1.12518279567348,-30.08201018485655,-7.397754090045454,-13.612154588160601
182,544282.384,0.24712303102625302,0.24712303102625302,0.276553031026253,0.0009368960748414447,0.0009368960748414447,0.0027694917894354903,1.30338186305695,1.12518279567348,1.12518279567348,-31.13573730803472,-7.59710175540884,-13.659063923948601
183,544362.988,0.24712303102625302,0.24712303102625302,0.276553031026253,0.0009368960748414447,0.0009368960748414447,0.0027694917894354903,1.30338186305695,1.12518279567348,1.12518279567348,-32.16134091675643,-7.673194288418254,-13.60097968636143
184,544441.767,0.24712303102625302,0.24712303102625302,0.276553031026253,0.0009368960748414447,0.0009368960748414447,0.0027694917894354903,1.30338186305695,1.12518279567348,1.12518279567348,-33.10398366263749,-7.833085052217447,-13.475241604789673
185,544460.862,0.24712303102625302,0.24712303102625302,0.276553031026253,0.0009368960748414447,0.0009368960748414447,0.0027694917894354903,1.30338186305695,1.12518279567348,1.12518279567348,-34.04080503898629,-7.98945682336554,-13.345299936089436
186,544522.593,0.24712303102625302,0.24712303102625302,0.276553031026253,0.0009368960748414447,0.0009368960748414447,0.0027694917894354903,1.30338186305695,1.12518279567348,1.12518279567348,-34.323792480665425,-7.977901971385003,-13.377372755007553
187,544560.147,0.24712303102625302,0.24712303102625302,0.276553031026253,0.0009368960748414447,0.0009368960748414447,0.0027694917894354903,1.30338186305695,1.12518279567348,1.12518279567348,-34.60530895673283,-7.966589271333032,-13.407193927655314
188,544601.375,0.24712303102625302,0.24712303102625302,0.276553031026253,0.0009368960748414447,0.0009368960748414447,0.0027694917894354903,1.30338186305695,1.12518279567348,1.12518279567348,-35.096027452369334,-7.951129900575598,-13.392458534425797
189,544659.428,0.24712303102625302,0.24712303102625302,0.276553031026253,0.0009368960748414447,0.0009368960748414447,0.0027694917894354903,1.30338186305695,1.12518279567348,1.12518279567348,-35.58354783527546,-7.935676544260018,-13.376583285799526
190,544680.158,0.24712303102625302,0.24712303102625302,0.276553031026253,0.0009368960748414447,0.0009368960748414447,0.0027694917894354903,1.30338186305695,1.12518279567348,1.12518279567348,-35.631445686932665,-7.934339041919103,-13.455790839904646
191,544758.716,0.24712303102625302,0.24712303102625302,0.276553031026253,0.0009368960748414447,0.0009368960748414447,0.0027694917894354903,1.30338186305695,1.12518279567348,1.12518279567348,-35.67896216567954,-7.9328047260524,-13.53337485034782
192,544760.991,0.24712303102625302,0.24712303102625302,0.276553031026253,0.0009368960748414447,0.0009368960748414447,0.0027694917894354903,1.30338186305695,1.12518279567348,1.12518279567348,-35.71318632036718,-7.934530039663053,-13.628124532303843
193,544839.537,0.24712303102625302,0.24712303102625302,0.276553031026253,0.0009368960748414447,0.0009368960748414447,0.0027694917894354903,1.30338186305695,1.12518279567348,1.12518279567348,-35.733413043553384,-7.963961364972999,-13.665617330042988
194,544856.589,0.24712303102625302,0.24712303102625302,0.276553031026253,0.0009368960748414447,0.0009368960748414447,0.0027694917894354903,1.30338186305695,1.12518279567348,1.12518279567348,-35.754101911130626,-7.992706021769292,-13.701316160632524
195,544920.368,0.24712303102625302,0.24712303102625302,0.276553031026253,0.0009368960748414447,0.0009368960748414447,0.0027694917894354903,1.30338186305695,1.12518279567348,1.12518279567348,-35.71982298043738,-7.957034231052395,-13.70612017250911
196,544955.874,0.24712303102625302,0.24712303102625302,0.276553031026253,0.0009368960748414447,0.0009368960748414447,0.0027694917894354903,1.30338186305695,1.12518279567348,1.12518279567348,-35.685696880555284,-7.921227435485213,-13.709609343703416
197,544999.156,0.24712303102625302,0.24712303102625302,0.276553031026253,0.0009368960748414447,0.0009368960748414447,0.0027694917894354903,1.30338186305695,1.12518279567348,1.12518279567348,-35.69473918293021,-7.9733832265349465,-13.752086520520809
198,545055.163,0.24712303102625302,0.24712303102625302,0.276553031026253,0.0009368960748414447,0.0009368960748414447,0.0027694917894354903,1.30338186305695,1.12518279567348,1.12518279567348,-35.70446897239331,-8.024652723741916,-13.793191621609639
199,545077.941,0.24712303102625302,0.24712303102625302,0.276553031026253,0.0009368960748414447,0.0009368960748414447,0.0027694917894354903,1.30338186305695,1.12518279567348,1.12518279567348,-35.1468070578789,-7.9313400673346575,-13.822340700994587
200,545154.445,0.24712303102625302,0.24712303102625302,0.276553031026253,0.0009368960748414447,0.0009368960748414447,0.0027694917894354903,1.30338186305695,1.12518279567348,1.12518279567348,-34.59292420441781,-7.837546858601758,-13.848401911258952
201,545158.772,0.24712303102625302,0.24712303102625302,0.276553031026253,0.0009368960748414447,0.0009368960748414447,0.0027694917894354903,1.30338186305695,1.12518279567348,1.12518279567348,-34.54458461724377,-7.8386591621465875,-13.876911547799212
202,545237.317,0.24712303102625302,0.24712303102625302,0.276553031026253,0.0009368960748414447,0.0009368960748414447,0.0027694917894354903,1.30338186305695,1.12518279567348,1.12518279567348,-34.222891770668596,-7.771096569580602,-13.90718810579221
203,545252.32,0.24712303102625302,0.24712303102625302,0.276553031026253,0.0009368960748414447,0.0009368960748414447,0.0027694917894354903,1.30338186305695,1.12518279567348,1.12518279567348,-33.903808350877654,-7.703514848113038,-13.93590347047435
204,545318.155,0.24712303102625302,0.24712303102625302,0.276553031026253,0.0009368960748414447,0.0009368960748414447,0.0027694917894354903,1.30338186305695,1.12518279567348,1.12518279567348,-33.60750889417231,-7.639736838253613,-13.98799308908892
205,545351.601,0.24712303102625302,0.24712303102625302,0.276553031026253,0.0009368960748414447,0.0009368960748414447,0.0027694917894354903,1.30338186305695,1.12518279567348,1.12518279567348,-33.313577304172775,-7.576002458459444,-14.03902521437694
206,545396.929,0.24712303102625302,0.24712303102625302,0.276553031026253,0.0009368960748414447,0.0009368960748414447,0.0027694917894354903,1.30338186305695,1.12518279567348,1.12518279567348,-33.114161136606675,-7.514321579910636,-14.07759635368122
207,545450.873,0.24712303102625302,0.24712303102625302,0.276553031026253,0.0009368960748414447,0.0009368960748414447,0.0027694917894354903,1.30338186305695,1.12518279567348,1.12518279567348,-32.91597885767964,-7.452895933794636,-14.11566118157529
208,545477.76,0.24712303102625302,0.24712303102625302,0.276553031026253,0.0009368960748414447,0.0009368960748414447,0.0027694917894354903,1.30338186305695,1.12518279567348,1.12518279567348,-32.657222960460516,-7.42520763072681,-14.147363330696773
209,545550.161,0.24712303102625302,0.24712303102625302,0.276553031026253,0.0009368960748414447,0.0009368960748414447,0.0027694917894354903,1.30338186305695,1.12518279567348,1.12518279567348,-32.40059655923675,-7.397174335052096,-14.177996053317495
210,545556.544,0.24712303102625302,0.24712303102625302,0.276553031026253,0.0009368960748414447,0.0009368960748414447,0.0027694917894354903,1.30338186305695,1.12518279567348,1.12518279567348,-32.16517692184106,-7.367745127490746,-14.209888935645239
211,545637.144,0.24712303102625302,0.24712303102625302,0.276553031026253,0.0009368960748414447,0.0009368960748414447,0.0027694917894354903,1.30338186305695,1.12518279567348,1.12518279567348,-31.89600041052278,-7.342155471089525,-14.234124579701426
212,545648.037,0.24712303102625302,0.24712303102625302,0.276553031026253,0.0009368960748414447,0.0009368960748414447,0.0027694917894354903,1.30338186305695,1.12518279567348,1.12518279567348,-31.629193397986615,-7.31624458032781,-14.257250215376256
213,545715.925,0.24712303102625302,0.24712303102625302,0.276553031026253,0.0009368960748414447,0.0009368960748414447,0.0027694917894354903,1.30338186305695,1.12518279567348,1.12518279567348,-31.40202363590453,-7.235346881897967,-14.304529610030757
214,545747.32,0.24712303102625302,0.24712303102625302,0.276553031026253,0.0009368960748414447,0.0009368960748414447,0.0027694917894354903,1.30338186305695,1.12518279567348,1.12518279567348,-31.17643869976895,-7.155099238406019,-14.351644913950723
215,545794.711,0.24712303102625302,0.24712303102625302,0.276553031026253,0.0009368960748414447,0.0009368960748414447,0.0027694917894354903,1.30338186305695,1.12518279567348,1.12518279567348,-30.986084921838906,-7.100222315423806,-14.390647819943002
216,545846.61,0.24712303102625302,0.24712303102625302,0.276553031026253,0.0009368960748414447,0.0009368960748414447,0.0027694917894354903,1.30338186305695,1.12518279567348,1.12518279567348,-30.796782790464132,-7.04561137607353,-14.42944595040902
217,545875.545,0.24712303102625302,0.24712303102625302,0.276553031026253,0.0009368960748414447,0.0009368960748414447,0.0027694917894354903,1.30338186305695,1.12518279567348,1.12518279567348,-30.493626928808993,-6.984585067693319,-14.444375800167919
218,545945.895,0.24712303102625302,0.24712303102625302,0.276553031026253,0.0009368960748414447,0.0009368960748414447,0.0027694917894354903,1.30338186305695,1.12518279567348,1.12518279567348,-30.1932664290193,-6.923741761519398,-14.45815604555612
219,545954.322,0.24712303102625302,0.24712303102625302,0.276553031026253,0.0009368960748414447,0.0009368960748414447,0.0027694917894354903,1.30338186305695,1.12518279567348,1.12518279567348,-29.958652474547236,-6.851342913952961,-14.503074863631145
220,546034.929,0.24712303102625302,0.24712303102625302,0.276553031026253,0.0009368960748414447,0.0009368960748414447,0.0027694917894354903,1.30338186305695,1.12518279567348,1.12518279567348,-29.798237873054283,-6.806331720086662,-14.546322005209307
221,546043.773,0.24712303102625302,0.24712303102625302,0.276553031026253,0.0009368960748414447,0.0009368960748414447,0.0027694917894354903,1.30338186305695,1.12518279567348,1.12518279567348,-29.639049209504936,-6.761640607860244,-14.589495286588036
222,546113.715,0.24712303102625302,0.24712303102625302,0.276553031026253,0.0009368960748414447,0.0009368960748414447,0.0027694917894354903,1.30338186305695,1.12518279567348,1.12518279567348,-29.42134710628741,-6.709873401106957,-14.627138110141471
223,546143.06,0.24712303102625302,0.24712303102625302,0.276553031026253,0.0009368960748414447,0.0009368960748414447,0.0027694917894354903,1.30338186305695,1.12518279567348,1.12518279567348,-29.205144680614346,-6.658283845229368,-14.664373504959627
224,546192.499,0.24712303102625302,0.24712303102625302,0.276553031026253,0.0009368960748414447,0.0009368960748414447,0.0027694917894354903,1.30338186305695,1.12518279567348,1.12518279567348,-28.969073399870076,-6.6149784351966225,-14.706167330078742
225,546242.346,0.24712303102625302,0.24712303102625302,0.276553031026253,0.0009368960748414447,0.0009368960748414447,0.0027694917894354903,1.30338186305695,1.12518279567348,1.12518279567348,-28.73477760199484,-6.571679169381442,-14.747383749446733
226,546273.332,0.24712303102625302,0.24712303102625302,0.276553031026253,0.0009368960748414447,0.0009368960748414447,0.0027694917894354903,1.30338186305695,1.12518279567348,1.12518279567348,-28.529695937686846,-6.542119479864086,-14.77845711921994
227,546341.626,0.24712303102625302,0.24712303102625302,0.276553031026253,0.0009368960748414447,0.0009368960748414447,0.0027694917894354903,1.30338186305695,1.12518279567348,1.12518279567348,-28.326414717636464,-6.512498453608389,-14.808885770335104
228,546352.104,0.24712303102625302,0.24712303102625302,0.276553031026253,0.0009368960748414447,0.0009368960748414447,0.0027694917894354903,1.30338186305695,1.12518279567348,1.12518279567348,-28.117940699367864,-6.464405237506298,-14.844246869232567
229,546432.714,0.24712303102625302,0.24712303102625302,0.276553031026253,0.0009368960748414447,0.0009368960748414447,0.0027694917894354903,1.30338186305695,1.12518279567348,1.12518279567348,-27.928857724162803,-6.40424941389457,-14.85914356772255
230,546439.508,0.24712303102625302,0.24712303102625302,0.276553031026253,0.0009368960748414447,0.0009368960748414447,0.0027694917894354903,1.30338186305695,1.12518279567348,1.12518279567348,-27.74133900711059,-6.34459084010185,-14.873759326383965
231,546511.498,0.24712303102625302,0.24712303102625302,0.276553031026253,0.0009368960748414447,0.0009368960748414447,0.0027694917894354903,1.30338186305695,1.12518279567348,1.12518279567348,-27.506907929241507,-6.2965401931679015,-14.910907557916165
232,546538.794,0.24712303102625302,0.24712303102625302,0.276553031026253,0.0009368960748414447,0.0009368960748414447,0.0027694917894354903,1.30338186305695,1.12518279567348,1.12518279567348,-27.27412242030438,-6.248593226973546,-14.947583280420272
233,546592.33,0.24712303102625302,0.24712303102625302,0.276553031026253,0.0009368960748414447,0.0009368960748414447,0.0027694917894354903,1.30338186305695,1.12518279567348,1.12518279567348,-27.098462794335564,-6.209023028786915,-14.979986470215248
234,546638.073,0.24712303102625302,0.24712303102625302,0.276553031026253,0.0009368960748414447,0.0009368960748414447,0.0027694917894354903,1.30338186305695,1.12518279567348,1.12518279567348,-26.923973820686395,-6.169597108153682,-15.012146145901683
235,546671.103,0.24712303102625302,0.24712303102625302,0.276553031026253,0.0009368960748414447,0.0009368960748414447,0.0027694917894354903,1.30338186305695,1.12518279567348,1.12518279567348,-26.72466316307953,-6.145474365039049,-15.030523420322153
236,546737.353,0.24712303102625302,0.24712303102625302,0.276553031026253,0.0009368960748414447,0.0009368960748414447,0.0027694917894354903,1.30338186305695,1.12518279567348,1.12518279567348,-26.527177001754787,-6.121248147551772,-15.048138468847652
237,546749.881,0.24712303102625302,0.24712303102625302,0.276553031026253,0.0009368960748414447,0.0009368960748414447,0.0027694917894354903,1.30338186305695,1.12518279567348,1.12518279567348,-26.353944034523835,-6.084935731099528,-15.07776773351846
